"aou number","listed common name","current common name","code","listed scientific name","current scientific name"
"7","common loon","common loon","colo","gavia immer","gavia immer"
"8","yellow-billed loon","yellow-billed loon","yblo","gavia adamsii","gavia adamsii"
"10","pacific loon","pacific loon","palo","gavia pacifica","gavia pacifica"
"11","red-throated loon","red-throated loon","rtlo","gavia stellata","gavia stellata"
"2","red-necked grebe","red-necked grebe","rngr","podiceps grisegena","podiceps grisegena"
"3","horned grebe","horned grebe","hogr","colymbus auritus","podiceps auritus"
"4","eared grebe","eared grebe","eagr","colymbus nigricollis","podiceps nigricollis"
"5","least grebe","least grebe","legr","colymbus dominicus","tachybaptus dominicus"
"1","western grebe","western grebe","wegr","aechmophorus occidentalis","aechmophorus occidentalis"
"6","pied-billed grebe","pied-billed grebe","pbgr","podilymbus podiceps","podilymbus podiceps"
"82","short-tailed albatross","short-tailed albatross","stal","diomedea albatrus","phoebastria albatrus"
"81","black-footed albatross","black-footed albatross","bfal","diomedea nigripes","phoebastria nigripes"
"82.1","laysan albatross","laysan albatross","laal","diomedea immutabilis","phoebastria immutabilis"
"82.2","black-browed albatross","black-browed albatross","bbal","diomedea melanophris","thalassarche melanophris"
"82.3","white-capped albatross","shy albatross","shal","diomedea cauta","thalassarche cauta"
"83","yellow-nosed albatross","yellow-nosed albatross","ynal","thalassogero culminatus","thalassarche chlororhynchus"
"81.1","wandering albatross","wandering albatross","waal","diomedea exulans","diomedea exulans"
"852.3","light mantled sooty albatross","sooty albatross","soal","phoebetria palpebrata","phoebetria palpebrata"
"102","cape petrel","cape petrel","cape","daption capense","daption capense"
"86","fulmar","northern fulmar","nofu","fulmarus glacialis","fulmarus glacialis"
"85","giant fulmar","southern giant petrel","sgpe","macronectes giganteus","macronectes giganteus"
"852.6","slender-billed fulmar","southern fulmar","sofu","priocella glacialoides","fulmarus glacialoides"
"&nbsp;","black-tailed shearwater","grey petrel","grpt","priofinus cinereus","procellaria cinerea"
"88","cory's shearwater","cory's shearwater","cosh","puffinus borealis","calonectris diomedea"
"91","pink-footed shearwater","pink-footed shearwater","pfsh","puffinus creatopus","puffinus creatopus"
"89","greater shearwater","greater shearwater","grsh","puffinis gravis","puffinus gravis"
"95.1","pale-footed shearwater","flesh-footed shearwater","ffsh","puffinus carneipes","puffinus carneipes"
"96.1","wedge-tailed shearwater","wedge-tailed shearwater","wtsh","puffinus cuneata","puffinus pacificus"
"96.2","new zealand shearwater","buller's shearwater","buls","puffinus bulleri","puffinus bulleri"
"95","sooty shearwater","sooty shearwater","sosh","puffinus griseus","puffinus griseus"
"96","slender-billed shearwater","short-tailed shearwater","shos","puffinus tenuirostris","puffinus tenuirostris"
"90","manx shearwater","manx shearwater","mash","puffinus puffinus","puffinus puffinus"
"93","black-vented shearwater","black-vented shearwater","bvsh","puffinus opisthomelas","puffinus opisthomelas"
"93.1","townsend's shearwater","townsend's shearwater","tosh","puffinus auricularis","puffinus auricularis"
"92.1","little shearwater","little shearwater","lish","puffinus assimilis","puffinus assimilis"
"92","audubon's shearwater","audubon's shearwater","aush","puffinus lherminieri","puffinus lherminieri"
"98","black-capped petrel","black-capped petrel","bcpe","aestrelata hasitata","pterodroma hasitata"
"98.1","bermuda petrel","bermuda petrel","bepe","pterodroma cahow","pterodroma cahow"
"98.3","cook's petrel","cook's petrel","cope","pterodroma cookii","pterodroma cookii"
"111","white-faced petrel","white-faced storm-petrel","wfsp","pelagodroma marina","pelagodroma marina"
"99","fisher's petrel","mottled petrel","mope","aestrelata fisheri","pterodorma inexpectata"
"98.6","south trinidad petrel","herald petrel","hepe","pterodroma arminjoniana","pterodroma arminjoniana"
"101","bulwer's petrel","bulwer's petrel","bupe","bulweria bulweri","bulweria bulwerii"
"104","storm petrel","european storm-petrel","eusp","thalassidroma pelagica","hydrobates pelagicus"
"105","forked-tailed petrel","fork-tailed storm-petrel","ftsp","oceanodroma furcata","oceanodroma furcata"
"106","leach's petrel","leach's storm-petrel","lhsp","oceanodroma leucorhoa","oceanodroma leucorhoa"
"106","kaeding's petrel","leach's storm-petrel","lhsp","oceanodroma kaeding","oceanodroma leucorhoa"
"106","socorro petrel","leach's storm-petrel","lhsp","oceanodroma socorroensis","oceanodroma leucorhoa"
"108","ashy petrel","ashy storm-petrel","assp","oceanodroma homochroa","oceanodroma homochroa"
"106.1","guadalupe petrel","guadalupe storm-petrel","gusp","oceanodroma macrodactyla","oceanodroma macrodactyla"
"106.2","harcourt's petrel","band-rumped storm-petrel","bstp","oceanodroma castro","oceanodroma castro"
"106.3","galapagos petrel","wedge-rumped storm-petrel","wrsp","oceanodroma melania","oceanodroma tethys"
"106.2","hawaiian petrel","band-rumped storm-petrel","bstp","pterodroma sandwichensis","oceanodroma castro"
"107","black petrel","black storm-petrel","blsp","oceanodroma melania","oceanodroma melania"
"103","least petrel","least storm-petrel","ltsp","haloyptena microsoma","oceanodroma microsoma"
"109","wilson's petrel","wilson's storm-petrel","wisp","oceanites oceanicus","oceanites oceanicus"
"110","white-bellied petrel","white-bellied petrel","wbpe","fregetta grallaria","fregetta grallaria"
"&nbsp;","black-bellied petrel","black-bellied storm-petrel","bbsp","fregetta tropica","fregetta tropica"
"113","red-billed tropic-bird","red-billed tropicbird","rbtr","phaethon aethereus","phaethon aethereus"
"113.1","red-tailed tropic-bird","red-tailed tropic-bird","rttr","phaethon rubricaudus","phaethon rubricauda"
"112","white-tailed tropic-bird","white-tailed tropic-bird","wttr","phaethon lepturus","phaethon lepturus"
"125","white pelican","american white pelican","awpe","pelecanus erythrorrhynchos","pelecanus erythrorrhynchos"
"126","brown pelican","brown pelican","brpe","pelecanus occidentalis","pelecanus occidentalis"
"126","california brown pelican","brown pelican","brpe","pelecanus californicus","pelecanus occidentalis"
"114","blue-faced booby","masked booby","mabo","sula cyanops","sula dactylatra"
"114.1","blue-footed booby","blue-footed booby","bfbo","sula nebouxii","sula nebouxii"
"115","brown-booby/ booby","brown booby","brbo","sula leucogaster lastra","sula leucogaster"
"116","red-footed booby","red-footed booby","rfbo","sula piscator","sula sula"
"117","gannet","northern gannet","noga","sula bassana","morus bassanus"
"119","great cormorant","great cormorant","grco","phalacrocorax carbo","phalacrocorax carbo"
"120","double-crested cormorant","double-crested cormorant","dcco","phalacrocorax auritus","phalacrocorax auritus"
"121","olivaceous cormorant","neotropic cormorant","neco","phalacrocorax olivaceus","phalacrocorax brasilianus"
"122","brant's cormorant","brant's cormorant","brac","phalacrocorax penicillatus","phalacrocorax penicillatus"
"123","pelagic cormorant","pelagic cormorant","peco","phalacrocorax pelagicus","phalacrocorax pelagicus"
"124","red-faced cormorant","red-faced cormorant","rfco","phalacrocorax urile","phalacrocorax urile"
"118","anhinga","anhinga","anhi","anhinga anhinga","anhinga anhinga"
"128","magnificent frigatebird","magnificent frigatebird","mafr","fregata aquila","fregata magnificens"
"n/a","intermediate egret","intermediate egret","ineg","egretta intermedia","mesophoyx intermedia"
"192","great white heron","great white heron","gwhe","ardea occidentalis","ardea occidentalis"
"194","great blue heron","great blue heron","gbhe","ardea herodias","ardea herodias"
"195","gray heron","gray heron","grah","ardea cinerea","ardea cinerea"
"201","green heron","green heron","grhe","butorides virescens","butorides virescens"
"200","little blue heron","little blue heron","lbhe","florida caerulea","egretta caerulea"
"200.1","cattle egret","cattle egret","caeg","bubulcus ibis","bubulcus ibis"
"198","reddish egret","reddish egret","reeg","dichromanassa rufescens","egretta rufescens"
"196","common egret","great egret","greg","casmerodius egretta","ardea alba"
"197","snowy egret","snowy egret","sneg","egretta candidissima","egretta thula"
"196.1","little egret","little egret","lieg","egretta garzetta","egretta garzetta"
"199","louisiana heron","tricolored heron","trhe","hydranassa tricolor","egretta tricolor"
"202","black-crowned night heron","black-crowned night heron","bcnh","nycticorax nycticorax","nycticorax nycticorax"
"203","yellow-crowned night heron","yellow-crowned night heron","ycnh","nyctanassa violacea","nyctanassa violacea"
"191","least bittern","least bittern","lebi","ixobrychus exilis","ixobrychus exilis"
"190","american bittern","american bittern","ambi","botaurus lentiginosus","botaurus lentiginosus"
"188","wood ibis","wood stork","wost","mycteria americana","mycteria americana"
"189","jabiru","jabiru","jabi","jabiru mycteria","jabiru mycteria"
"186","glossy ibis","glossy ibis","glib","plegadis autumnalis","plegadis falcinellus"
"187","white-faced ibis","white-faced ibis","wfib","plegadis guarauna","plegadis chihi"
"184","white ibis","white ibis","whib","guara alba","eudocimus albus"
"185","scarlet ibis","scarlet ibis","scib","guara rubra","eudocimus ruber"
"n/a","white spoonbill","eurasian spoonbill","eurs","platalea leucorodia","platalea leucorodia"
"183","roseate spoonbill","roseate spoonbill","rosp","platalea ajaja","platalea ajaja"
"182","american flamingo","greater flamingo","gfla","phoenicopterus ruber","phoenicopterus ruber"
"178.2","mute swan","mute swan","musw","cygnus olor","cygnus olor"
"179","whooper swan","whooper swan","whos","olor cygnus","cygnus cygnus"
"180","whistling swan","tundra swan","tusw","olor columbianus","cygnus columbianus"
"181","trumpeter swan","trumpeter swan","trus","olor buccinator","cygnus buccinator"
"172","canada goose","canada goose","cago","branta canadensis","branta canadensis"
"173","brant","atlantic brant","atbr","branta bernicla","branta bernicla"
"250","barnacle goose","barnacle goose","barg","branta leucopsis","branta leucopsis"
"176","emperor goose","emperor goose","emgo","philacte canagica","chen canagica"
"206","gray-lag goose","greylag goose","gego","anser anser","anser anser"
"171","white-fronted goose","greater white-fronted goose","gwfg","anser albifrons","anser albifrons"
"171.1","bean goose","bean goose","bego","anser fabalis","anser fabalis"
"169","snow goose","snow goose","sngo","chen hyperborea","chen caerulescens"
"169","blue goose","snow goose","sngo","chen caerulescens","chen caerulescens"
"170","ross goose","ross's goose","rogo","chen rossii","chen rossii"
"177","black-bellied tree duck","black-bellied whistling-duck","bbwd","dendrocygna autumnalis","dendrocygna autumnalis"
"178","fulvous tree duck","fulvous whistling-duck","fuwd","dendrocygna bicolor","dendrocygna bicolor"
"178.1","white-faced tree duck","white-faced whistling duck","wfwd","dendrocygna viduata","dendrocygna viduata"
"n/a","sheld duck","common shelduck","coms","tadorna tadorna","tadorna tadorna"
"141.2","ruddy sheld duck","ruddy sheldrake","rush","casarca ferruginea","tadorna ferruginea"
"132","mallard","mallard","mall","anas platyrhynchos","anas platyrhynchos"
"132","mexican duck","mallard","mall","anas diazi","anas platyrhynchos"
"133","black duck","american black duck","abdu","anas rubripes","anas rubripes"
"134","mottled duck","mottled duck","modu","anas fulvigula","anas fulvigula"
"135","gadwall duck","gadwall","gadw","anas strepera","anas strepera"
"143","pintail duck","northern pintail","nopi","anas acuta","anas acuta"
"143.1","bahama duck","white-cheeked pintail","wchp","anas bahamensis","anas bahamensis"
"137.1","falcated teal","falcated duck","fadu","anas falcata","anas falcata"
"138","common teal","eurasian green-winged teal","egwt","anas crecca","anas crecca"
"139","green-winged teal","american green-winged teal","agwt","anas carolinesis","anas carolinensis"
"139.1","baikal teal","baikal teal","bate","anas formosa","anas formosa"
"140","blue-winged teal","blue-winged teal","bwte","anas discors","anas discors"
"141","cinnamon teal","cinnamon teal","cite","anas cyanoptera","anas cyanoptera"
"102.1","muscovy duck","muscovy duck","mudu","cairina moschata","cairina moschata"
"136","european widgeon","eurasian widgeon","euwi","mareca penelope","anas penelope"
"137","american widgeon","american widgeon","amwi","mareca americana","anas americana"
"142","shoveller","northern shoveler","nsho","spatula clypeata","anas clypeata"
"144","wood duck","wood duck","wodu","aix sponsa","aix sponsa"
"n/a","red-crested pochard","red-crested pochard","rcpo","netta rufina","netta rufina"
"146","red head","redhead","redh","aythya americana","aythya americana"
"146.1","common pochard","common pochard","cpoc","aythya ferina","aythya ferina"
"149.2","baer's pochard","baer's pochard","baoc","aythya baeri","aythya baeri"
"150","ring-necked duck","ring-necked duck","rndu","aythya collaris","aythya collaris"
"147","canvasback","canvasback","canv","aythya valisineria","aythya valisineria"
"148","greater scaup","greater scaup","grsc","aythya marlia","aythya marlia"
"149","lesser scaup","lesser scaup","lesc","aythya affinis","aythya affinis"
"149.1","tufted duck","tufted duck","tudu","aythya fuligula","aythya fuligula"
"151","common golden-eye","common goldeneye","cogo","bucephala clangula","bucephala clangula"
"152","barrow's goldeneye","barrow's goldeneye","bago","bucephala islandica","bucephala islandica"
"153","bufflehead","bufflehead","buff","bucephala albeola","bucephala albeola"
"154","old squaw","long-tailed duck","ltdu","clangula hyemalis","clangula hyemalis"
"155","harlequin duck","harlequin duck","hadu","histrionicus histrionicus","histrionicus histrionicus"
"156","labrador duck","labrador duck","labd","camptorhynchus labradorius","camptorhynchus labradorius"
"157","steller's eider","steller's eider","stei","polysticta stelleri","polysticta stelleri"
"159","common eider","common eider","coei","somateria mollissima","somateria mollissima"
"162","king eider","king eider","kiei","somateria spectabilis","somateria spectabilis"
"158","spectacled eider","spectacled eider","spei","arctonetta fischeri","somateria fisheri"
"165","white-winged scoter","white-winged scoter","wwsc","melanitta deglandi","melanitta fusca"
"166","surf scoter","surf scoter","susc","melanitta perspicillata","melanitta perspicillata"
"163","common scoter","black scoter","blsc","oidemia nigra","melanitta nigra"
"167","ruddy duck","ruddy duck","rudu","oxyura jamaicensis","oxyura jamaicensis"
"168","masked duck","masked duck","madu","oxyura dominica","nomonyx dominicus"
"131.1","smew","smew","smew","mergellus albellus","mergellus albellus"
"131","hooded merganser","hooded merganser","home","lophodytes cucullatus","lophodytes cucullatus"
"129","common merganser","common merganser","come","mergus merganser","mergus merganser"
"130","red-breasted merganser","red-breasted merganser","rbme","mergus serrator","mergus serrator"
"325","turkey vulture","turkey vulture","tuvu","cathartes aura","cathartes aura"
"326","black vulture","black vulture","blvu","catharista urubu","coragyps atratus"
"324","california condor","california condor","caco","gymnogyps californianus","gymnogyps californianus"
"328","white-tailed kite","white-tailed kite","wtki","elanus leucurus","elanus leucurus"
"327","swallow-tailed kite","swallow-tailed kite","stki","elanoides forficatus","elanoides forficatus"
"329","mississippi kite","mississippi kite","miki","ictinia mississippiensis","ictinia mississippiensis"
"330","everglade kite","snail kite","snki","rostrhamus sociabilis","rostrhamus sociabilis"
"334","goshawk","northern goshawk","nogo","astur atricapillus","accipiter gentilis"
"332","sharp shinned hawk","sharp shinned hawk","ssha","accipiter velox","accipiter striatus"
"333","coopers hawk","coopers hawk","coha","accipiter cooperii","accipiter cooperii"
"338","harlan's hawk","harlan's hawk","halh","buteo borelais harlani","buteo jamaicensis"
"337","red-tailed hawk","red-tailed hawk","rtha","buteo borealis","buteo jamaicensis"
"339","red-shouldered hawk","red-shouldered hawk","rsha","buteo lineatus","buteo lineatus"
"343","broad-winged hawk","broad-winged hawk","bwha","buteo platyperus","buteo platyperus"
"342","swainson's hawk","swainson's hawk","swha","buteo swainsoni","buteo swainsoni"
"340","zone-tailed hawk","zone-tailed hawk","ztha","buteo abbreviatus","buteo albonotatus"
"341","white-tailed hawk","white-tailed hawk","wtha","buteo albicaudatus","buteo albicaudatus"
"344","short-tailed hawk","short-tailed hawk","stha","buteo brachyurus","buteo brachyurus"
"347","rough-legged hawk","rough-legged hawk","rlha","archibuteo lagopus","buteo lagopus"
"348","ferruginous hawk","ferruginous hawk","feha","archibuteo ferrugineus","buteo regalis"
"346","grey hawk","gray hawk","grha","asturina plagiata","asturina nitida"
"335","harris's hawk","harris's hawk","hash","parabuteo unicinctus","parabuteo unicinctus"
"345","black hawk","common black-hawk","cobh","urubitinga anthracina","buteogallus anthracinus"
"349","golden eagle","golden eagle","goea","aquila chrysaetos","aquila chrysaetos"
"351","gray sea eagle","white-tailed eagle","wtea","haliaeetus albicilla","haliaeetus albicilla"
"352","bald eagle","bald eagle","baea","haliaeetus leucocephalus","haliaeetus leucocephalus"
"352.1","stellar's sea eagle","stellar's sea eagle","stse","thalassaetus pelagicus","haliaeetus pelagicus"
"331","marsh hawk","northern harrier","noha","circus hudsonius","circus cyaneus"
"364","osprey","osprey","ospr","pandion haliaetus","pandion haliaetus"
"362","caracara","crested caracara","crca","polyborus cheriway","caracara cheriway"
"363","guadalupe caracara","guadalupe caracara","guca","polyborus lutosus","caracara lutosa"
"354","white gryfalcon","gryfalcon","gyrf","falco islandus","falco rusticolus"
"354","gray gryfalcon","gryfalcon","gyrf","falco rusticolus","falco rusticolus"
"355","prairie falcon","prairie falcon","prfa","falco mexicanus","falco mexicanus"
"356","peregrine falcon","peregrine falcon","pefa","falco peregrinus","falco peregrinus"
"359","aplomado falcon","aplomado falcon","apfa","falco fusco-caerulescens","falco femoralis"
"357","pigeon hawk","merlin","merl","falco columbarius","falco columbarius"
"357","merlin","merlin","merl","falco aesalon","falco columbarius"
"359.1","kestrel","eurasian kestrel","euke","falco tinnunculus","falco tinnunculus"
"360","sparrow hawk","american kestrel","amke","falco sparverius","falco sparverius"
"311","chachalaca","plain chachalaca","plch","ortalis vetula","ortalis vetula"
"297","blue grouse","blue grouse","bgse","dendragapus obscurus","dendragapus obscurus"
"298","spruce grouse","spruce grouse","spgr","canachites canadensis","falcipennis canadensis"
"298","franklin's grouse","spruce grouse","spgr","canachites franklini","falcipennis canadensis"
"300","ruffed grouse","ruffed grouse","rugr","bonasa umbellus","bonasa umbellus"
"301","willow ptarmigan","willow ptarmigan","wipt","lagopus lagopus","lagopus lagopus"
"302","rock ptarmigan","rock ptarmigan","ropt","lagopus rupestris","lagopus mutus"
"304","white-tailed ptarmigan","white-tailed ptarmigan","wtpt","lagopus leucurus","lagopus leucurus"
"305","greater prarie chicken","greater prarie chicken","grpc","tympanuchus americanus","tympanuchus cupido"
"307","lesser prarie chicken","lesser prarie chicken","lepc","tympanuchus pallidicinctus","tympanuchus pallidicinctus"
"308","sharp-tailed grouse","sharp-tailed grouse","stgr","tympanuchus phasianellus","tympanuchus phasianellus"
"309","sage grouse","greater sage grouse","grsg","centrocercus urophasianus","centrocercus urophasianus"
"289","bobwhite","northern bobwhite","nobo","colinus virginianus","colinus virginianus"
"n/a","hybrid scaled bobwhite","scaled x northern bobwhite","scbh","n/a","n/a"
"289","masked bobwhite","northern bobwhite","nobo","colinus ridgwayi","colinus virginianus"
"293","scaled quail","scaled quail","scqu","callipepla squamata","callipepla squamata"
"294","california quail","california quail","caqu","lophortyx californicus","callipepla californica"
"107.8","elegant quail","elegant quail","elqu","callipepla douglasii","callipepla douglasii"
"295","gambel's quail","gambel's quail","gaqu","lophortyx gambeli","callipepla gambelii"
"292","mountain quail","mountain quail","mouq","oreortyx pictus","oreortyx pictus"
"296","harlequin quail","montezuma quail","monq","crytonyx montezumae","crytonyx montezumae"
"309.1","ring-necked pheasant","ring-necked pheasant","rnep","phasianus cochicus","phasianus cochicus"
"309.2","reeves pheasant","reeves's pheasant","repa","syrmaticus reevesii","syrmaticus reevesii"
"296.1","guinea fowl","helmeted guineafowl","helg","numida meleagris","numida meleagris"
"309.4","golden pheasant","golden pheasant","goph","chrysolophus pictus","chrysolophus pictus"
"288.2","chukar","chukar","chuk","alectoris graeca","alectoris graeca"
"288.1","gray partridge","gray partridge","grap","perdix perdix","perdix perdix"
"290","coturnix c. coturnix","common quail","coqu","coturnix c. coturnix","coturnix coturnix"
"310","turkey","wild turkey","witu","melegaris gallopavo","melegaris gallopavo"
"204","whooping crane","whooping crane","whcr","grus americana","grus americana"
"206","little brown crane","sandhill crane","sacr","grus canadensis","grus canadensis"
"206","sandhill crane","sandhill crane","sacr","grus canadensis","grus canadensis"
"207","limpkin","limpkin","limp","aramus guarauna","aramus guarauna"
"208","king rail","king rail","kira","rallus elegans","rallus elegans"
"211","clapper rail","clapper rail","clra","rallus longirostris","rallus longirostris"
"212","virginia rail","virginia rail","vira","rallus limicola","rallus limicola"
"212.1","water rail","water rail","wara","rallus aquaticus","rallus aquaticus"
"213","spotted crake","spotted crake","spcr","porzana porzana","porzana porzana"
"214","sora","sora","sora","porzana carolina","porzana carolina"
"215","yellow rail","yellow rail","yera","coturnicops noveboracensis","coturnicops noveboracensis"
"216","black rail","black rail","blra","laterallus jamaicensis","laterallus jamaicensis"
"217","corn crake","corn crake","corc","crex crex","crex crex"
"218","purple gallinule","purple gallinule","puga","porphyrio martinica","porphyrio martinica"
"219","common gallinule","common moorhen","como","gallinula chloropus","gallinula chloropus"
"220","european coot","eurasian coot","euco","fulica atra","fulica atra"
"221","american coot","american coot","amco","fulica americana","fulica americana"
"288","jacana","northern jacana","noja","jacana spinosa","jacana spinosa"
"285","european oystercatcher","eurasian oystercatcher","euoy","haematopus ostralegus","haematopus ostralegus"
"286","american oystercatcher","american oystercatcher","amoy","haematopus palliatus","haematopus palliatus"
"286","frazar's oystercatcher","american oystercatcher","amoy","haematopus frazari","haematopus palliatus"
"287","black oystercatcher","black oystercatcher","bloy","haematopus bachmani","haematopus bachmani"
"269","lapwing","northern lapwing","nola","vanellus vanellus","vanellus vanellus"
"253","green shank","common greenshank","comg","tringa nebularia","tringa nebularia"
"275","ringed plover","common ringed plover","crpl","charadrius hiaticula","charadrius hiaticula"
"276","little ringed plover","little ringed plover","lrpl","charadrius dubius","charadrius dubius"
"274","semialmated plover","semialmated plover","sepl","charadrius semipalmatus","charadrius semipalmatus"
"277","piping plover","piping plover","pipl","charadrius melodus","charadrius melodus"
"278","snowy plover","snowy plover","snpl","charadrius alexandrinus","charadrius alexandrinus"
"279","mongolian plover","mongolian plover","monp","charadrius mongolus","charadrius mongolus"
"280","wilson's plover","wilson's plover","wipl","charadrius wilsonia","charadrius wilsonia"
"273","killdeer","killdeer","kill","charadrius vociferus","charadrius vociferus"
"281","mountain plover","mountain plover","mopl","eupoda montana","charadrius montanus"
"269.1","dotterel","eurasian dotterel","eudo","eudromias morinellus","charadrius morinellus"
"271","eurasian golden plover","european golden-plover","eugp","pluvialis apricaria","pluvialis apricaria"
"272","american golden plover","american golden-plover","amgp","pluvialis dominica","pluvialis dominica"
"272.1","pacific golden plover","pacific golden-plover","pagp","n/a","pluvialis fulva"
"270","black-bellied plover","black-bellied plover","bbpl","squatarola squatarola","pluvialis squatarola"
"282","surfbird","surfbird","surf","aphriza virgata","aphriza virgata"
"283","ruddy turnstone","ruddy turnstone","rutu","arenaria interpres","arenaria interpres"
"284","black turnstone","black turnstone","bltu","arenaria melanocephala","arenaria melanocephala"
"228","american woodcock","american woodcock","amwo","philohela minor","scolopax minor"
"227","european woodcock","eurasian woodcock","euwo","scolopax rusticola","scolopax rusticola"
"230","european snipe","common snipe","cosn","gallinago gallinago","gallinago gallinago"
"230","wilson's snipe","common snipe","cosn","gallinago delicata","gallinago gallinago"
"230.2","european jacksnipe","jack snipe","jasn","lymnocryptes minimus","lymnocryptes minimus"
"264","long billed curlew","long-billed curlew","lbcu","numenius americanus","numenius americanus"
"264.1","eurasian curlew","eurasian curlew","eucu","numenius arquata","numenius arquata"
"265","whimbrel","whimbrel","whim","numenius phaeopus","numenius phaeopus"
"266","hudsonian curlew","whimbrel","whim","numenius hudsonicus","numenius phaeopus"
"268","bristle thighed curlew","bristle-thighed curlew","btcu","numenius tahitiensis","numenius tahitiensis"
"266","eskimo curlew","eskimo curlew","escu","numenius borealis","numenius borealis"
"261","upland plover","upland sandpiper","upsa","bartramia longicauda","bartramia longicauda"
"263","spotted sandpiper","spotted sandpiper","spsa","actitis macularia","actitis macularia"
"256","solitary sandpiper","solitary sandpiper","sosa","tringa solitaria","tringa solitaria"
"257","green sandpiper","green sandpiper","grsa","totanus ocropus","totanus ocropus"
"257.1","wood sandpiper","wood sandpiper","wosa","tringa glareola","tringa glareola"
"259","wandering tattler","wandering tattler","wata","heteractitis incanus","heteractitis incanus"
"259.1","polynesian tattler","gray-tailed tattler","gtta","heteractitis brevipes","heteractitis brevipes"
"258","willet","willet","will","catoptrophorus semipalmatus","catoptrophorus semipalmatus"
"254","greater yellowlegs","greater yellowlegs","grye","totanus melanoleucus","tringa melanoleuca"
"255","lesser yellowlegs","lesser yellowlegs","leye","totanus flavipes","tringa flavipes"
"253.1","redshank","common redshank","comr","tringa totanus","tringa totanus"
"253.2","spotted redshank","spotted redshank","spre","tringa erythropus","tringa erythropus"
"234","knot","red knot","rekn","calidris canutus","calidris canutus"
"234.1","great knot","great knot","grkn","calidris tenuirostris","calidris tenuirostris"
"235","purple sandpiper","purple sandpiper","pusa","erolia maritima","calidris maritima"
"235.6","rock sandpiper","rock sandpiper","rosa","erolia ptilocnemis","calidris ptilocnemis"
"238","sharp-tailed sandpiper","sharp-tailed sandpiper","spts","erolia acuminata","calidris acuminata"
"239","pectoral sandpiper","pectoral sandpiper","pesa","erolia melanotos","calidris melanotos"
"240","white-rumped sandpiper","white-rumped sandpiper","wrsa","erolia fuscicollis","calidris fuscicollis"
"241","baird's sandpiper","baird's sandpiper","basa","erolia bairdii","calidris bairdii"
"242","least sandpiper","least sandpiper","lesa","erolia minutilla","calidris minutilla"
"242.1","long-toed stint","long-toed stint","ltst","erolia subminuta","calidris subminuta"
"242.2","rufous-necked sandpiper","red-necked stint","rnst","erolia ruficollis","calidris ruficollis"
"244","curlew sandpiper","curlew sandpiper","cusa","erolia ferruginea","calidris ferruginea"
"243","dunlin","dunlin","dunl","erolia alpina","calidris alpina"
"232","short-billed dowitcher","short-billed dowitcher","sbdo","limnodromus griseus","limnodromus griseus"
"233","stilt sandpiper","stilt sandpiper","stsa","micropalama himantopus","calidris himantopus"
"246","semipalmated sandpiper","semipalmated sandpiper","sesa","ereunetes pusillus","calidris pusilla"
"247","western sandpiper","western sandpiper","wesa","ereunetes mauri","calidris mauri"
"262","buff-breasted sandpiper","buff-breasted sandpiper","bbsa","tryngites subruficollis","tryngites subruficollis"
"249","marbled godwit","marbled godwit","mago","limosa fedoa","limosa fedoa"
"250","bar-tailed godwit","bar-tailed godwit","barg","limosa lapponica","limosa lapponica"
"251","hudsonian godwit","hudsonian godwit","hugo","limosa haemastica","limosa haemastica"
"252","black-tailed godwit","black-tailed godwit","blag","limosa limosa","limosa limosa"
"260","ruff","ruff","ruff","philomachus pugnax","philomachus pugnax"
"248","sanderling","sanderling","sand","crocethia alba","calidris alba"
"245","spoon-billed sandpiper","spoon-billed sandpiper","sbsa","eurynorhynchus pygmeum","eurynorhynchus pygmeus"
"225","american avocet","american avocet","amav","recurvirostra americana","recurvirostra americana"
"226","black-necked stilt","black-necked stilt","bnst","himantopus mexicanus","himantopus mexicanus"
"222","red phalarope","red phalarope","reph","phalaropus fulicarius","phalaropus fulicaria"
"224","wilson's pharalope","wilson's pharalope","wiph","steganopus tricolor","phalaropus tricolor"
"223","northern pharalope","red-necked pharalope","rnph","lobipes lobatus","phalaropus lobatus"
"36","pomarine pharalope","pomarine jaeger","poja","stercorarius pomarinus","stercorarius pomarinus"
"37","parasitic jaeger","parasitic jaeger","paja","stercorarius parasiticus","stercorarius parasiticus"
"38","long-tailed jaeger","long-tailed jaeger","ltja","stercorarius longicaudus","stercorarius longicaudus"
"35","skua","great skua","grsk","stercorarius skua","stercorarius skua"
"42","glaucous gull","glaucous gull","glgu","larus hyperboreus","larus hyperboreus"
"43","iceland gull","iceland gull","icgu","larus glaucoides","larus glaucoides"
"43","kumlien's gull","iceland gull","icgu","larus kumlieni","larus glaucoides"
"44","glaucous-winged gull","glaucous-winged gull","gwgu","larus glaucescens","larus glaucescens"
"46","nelson's gull","nelson's gull","negu","larus nelsoni","larus nelsoni"
"47","great black-backed gull","great black-backed gull","gbbg","larus marinus","larus marinus"
"49","western gull","western gull","wegu","larus occidentalis","larus occidentalis"
"50","lesser black-backed gull","lesser black-backed gull","lbbg","larus fuscus","larus fuscus"
"51","siberian gull","herring gull","herg","larus affinis","larus argentatus"
"48","slaty-backed gull","slaty-backed gull","sbgu","larus schistisagus","larus schistisagus"
"51","herring gull","herring gull","herg","larus argentatus","larus argentatus"
"43.1","thayer's gull","thayer's gull","thgu","larus thayeri","larus thayeri"
"52","vega gull","herring gull","herg","larus vega","larus argentatus"
"53","california gull","california gull","cagu","larus californicus","larus californicus"
"54","ring-billed gull","ring-billed gull","rbgu","larus delawarensis","larus delawarensis"
"54.1","black-tailed gull","black-tailed gull","btgu","larus crassirostris","larus crassirostris"
"550","mew gull","mew gull","megu","larus canus","larus canus"
"55","black-headed gull","black-headed gull","bhgu","larus ridibundus","larus ridibundus"
"58","laughing gull","laughing gull","lagu","larus atricilla","larus atricilla"
"59","franklin's gull","franklin's gull","frgu","larus pipixcan","larus pipixcan"
"60","bonaparte's gull","bonaparte's gull","bogu","larus philadephia","larus philadephia"
"60.1","little gull","little gull","ligu","larus minutus","larus minutus"
"57","heermann's gull","heermann's gull","heeg","larus heermanni","larus heermanni"
"39","ivory gull","ivory gull","ivgu","pagophila eburnea","pagophila eburnea"
"40","black-legged kittiwake","black-legged kittiwake","blki","rissa tridactyla","rissa tridactyla"
"41","red-legged kittiwake","red-legged kittiwake","rlki","rissa brevirostris","rissa brevirostris"
"61","ross' gull","ross' gull","rogu","rhodostethia rosea","rhodostethia rosea"
"62","sabine's gull","sabine's gull","sagu","xema sabini","xema sabini"
"&nbsp;","swallow-tailed gull","swallow-tailed gull","stgu","creagrus furcatus","creagrus furcatus"
"63","gull-billed tern","gull-billed tern","gbte","gelochelidon nilotica","sterna nilotica"
"68","trudeau's tern","snowy-crowned tern","scte","sterna trudeaui","sterna trudeaui"
"69","forster's tern","forster's tern","fote","sterna forsteri","sterna forsteri"
"70","common tern","common tern","cote","sterna hirundo","sterna hirundo"
"71","arctic tern","arctic tern","arte","sterna paradisaea","sterna paradisaea"
"72","roseate tern","roseate tern","rost","sterna dougallii","sterna dougallii"
"73","aleutian tern","aleutian tern","alte","sterna aleutica","sterna aleutica"
"75","sooty tern","sooty tern","sote","sterna fuscata","sterna fuscata"
"74","least tern","least tern","lete","sterna albifrons","sterna antillarum"
"76","bridled tern","bridled tern","brte","sterna anathetus","sterna anathetus"
"65","royal tern","royal tern","royt","thalasseus maximus","sterna maxima"
"66","elegant tern","elegant tern","elte","thalasseus elegans","sterna elegans"
"67","sandwich tern","sandwich tern","sate","thalasseus sandvicensis","sterna sandvicensis"
"64","caspian tern","caspian tern","cate","hydroprogne caspia","sterna caspia"
"77","black tern","black tern","blte","chlidonias niger","chlidonias niger"
"78","white-wing black tern","white-winged tern","wwte","chlidonias leucopterus","chlidonias leucopterus"
"80","black skimmer","black skimmer","blsk","rynchops niger","rynchops niger"
"79","noddy tern","brown noddy","brno","anous stolidus","anous stolidus"
"33","great auk","great auk","grau","pinguinus impennis","pinguinus impennis"
"32","razorbill","razorbill","razo","alca torda","alca torda"
"n/a","uria snowi","kurile guillemot","kugu","uria snowi","uria columba snowi"
"30","common murre","common murre","comu","uria aalge","uria aalge"
"30","california murre","common murre","comu","uria troilie","uria aalge"
"31","thick-billed murre","thick-billed murre","tbmu","uria lomvia","uria lomvia"
"34","dovekie","dovekie","dove","plautus alle","alle alle"
"27","black guillemot","black guillemot","blgu","cepphus grylle","cepphus grylle"
"27","mandt's guillemot","black guillemot","blgu","cepphus mandti","cepphus grylle"
"290","pigeoned guillemot","pigeon guillemot","pigu","cepphus columba","cepphus columba"
"23","marbled murrelet","marbled murrelet","mamu","brachyramphus marmoratum","brachyramphus marmoratus"
"24","kittlitz's murrelet","kittlitz's murrelet","kimu","brachyramphus brevirostris","brachyramphus brevirostris"
"25","xantus's murrelet","xantus' murrelet","xamu","endomychura hypoleuca","synthliboramphus hypoleucus"
"26","craveri's murrelet","craveri's murrelet","crmu","endomychura craveri","synthliboramphus craveri"
"210","ancient murrelet","ancient murrelet","anmu","synthliboramphus antiquum","synthliboramphus antiquus"
"16","cassin's auklet","cassin's auklet","caau","ptychoramphus aleuticus","ptychoramphus aleuticus"
"17","parakeet auklet","parakeet auklet","paau","cyclorrhynchus psittacula","aethia psittacula"
"18","crested auklet","crested auklet","crau","aethia cristatella","aethia cristatella"
"20","least auklet","least auklet","leau","aethia pusilla","aethia pusilla"
"19","whiskered auklet","whiskered auklet","whau","aethia pygmaea","aethia pygmaea"
"15","rhinoceros auklet","rhinoceros auklet","rhau","cerorhinca monocerata","cerorhinca monocerata"
"13","common puffin","atlantic puffin","atpu","fratercula artica","fratercula artica"
"14","horned puffin","horned puffin","hopu","fratercula corniculata","fratercula corniculata"
"12","tufted puffin","tufted puffin","tupu","lunda cirrhata","fratercula cirrhata"
"314","white-crowned pigeon","white-crowned pigeon","wcpi","columba leucocephala","columba leucocephala"
"312","band-tailed pigeon","band-tailed pigeon","btpi","columba fasciata","columba fasciata"
"313","red-billed pigeon","red-billed pigeon","rbpi","columba flavirostris","columba flavirostris"
"313.1","rock dove","rock dove","rodo","columba livia","columba livia"
"317","zenaida dove","zenaida dove","zend","zenaida aurita","zenaida aurita"
"319","white-winged dove","white-winged dove","wwdo","zenaida asiatica","zenaida asiatica"
"316","mourning dove","mourning dove","modo","zenaidura macroura","zenaida macroura"
"315","passenger pigeon","passenger pigeon","papi","ectopistes migratorius","ectopistes migratorius"
"315.1","spotted dove","spotted dove","spdo","sterptopelia chinensis","sterptopelia chinensis"
"315.2","ringed turtle dove","ringed-turtle dove","ritd","streptopelia risoria","streptopelia risoria"
"320","ground dove","common ground dove","cogd","chaemepelia passerina","columbina passerina"
"321","inca dove","inca dove","indo","scardafella inca","columbina inca"
"318","white-fronted dove","white-tipped dove","wtdo","leptotila verreauxi","leptotila verreauxi"
"322","key west quail-dove","key west quail-dove","kwqd","geotrygon chrysia","geotrygon chrysia"
"381.4","carolina parakeet","carolina parakeet","capa","conuropsis carolinensis","conuropsis carolinensis"
"382.1","thick-billed parrot","thick-billed parrot","tbpa","rhynchopsitta pachyrhyncha","rhynchopsitta pachyrhyncha"
"388.2","kamchatka cuckoo","common cuckoo","cocu","cuculus canorus","cuculus canorus"
"386","mangrove cuckoo","mangrove cuckoo","macu","coccyzus minor","coccyzus minor"
"387","yellow-billed cuckoo","yellow-billed cuckoo","ybcu","coccyzus americanus","coccyzus americanus"
"388","black-billed cuckoo","black-billed cuckoo","bbcu","coccyzus erythropthalmus","coccyzus erythropthalmus"
"385","roadrunner","greater roadrunner","grro","geococcyx califronianus","geococcyx califronianus"
"383","smooth-billed ani","smooth-billed ani","sban","crotophaga ani","crotophaga ani"
"384","groove-billed ani","groove-billed ani","gban","crotophaga sulcirostris","crotophaga sulcirostris"
"365","barn owl","barn owl","bano","tyto alba","tyto alba"
"&nbsp;","screech owl","eastern/western                 screech owl","easo weso?","&nbsp;","&nbsp;"
"373.1","whiskered owl","whiskered screech-owl","whso","otus trichopsis","otus trichopsis"
"374","flammulated owl","flammulated owl","flow","otus flammeolus","otus flammeolus"
"375","great horned owl","great horned owl","ghow","bubo viginianus","bubo viginianus"
"376","snowy owl","snowy owl","snow","nyctea scandiaca","nyctea scandiaca"
"377","hawk owl","northern hawk owl","nhow","surnia ulula","surnia ulula"
"379","pygmy owl","northern pygmy-owl","nopo","glaucidium gnoma","glaucidium gnoma"
"380","ferruginous owl","ferruginous pygmy-owl","fepo","glaucidium brasilianum","glaucidium brasilianum"
"381","elf owl","elf owl","elow","micrathene whitneyi","micrathene whitneyi"
"378","burrowing owl","burrowing owl","buow","speotyto cunicularia","athene cunicularia"
"368","barred owl","barred owl","bado","strix varia","strix varia"
"369","spotted owl","spotted owl","spow","strix occidentalis","strix occidentalis"
"370","great gray owl","great gray owl","ggow","strix nebulosa","strix nebulosa"
"366","long-eared owl","long-eared owl","leow","asio otus","asio otus"
"367","short-eared owl","short-eared owl","seow","asio flammeus","asio flammeus"
"371","boreal owl","boreal owl","boow","aegolius funereus","aegolius funereus"
"372","saw-whet owl","northern saw-whet owl","nswo","aegolius acadicus","aegolius acadicus"
"416","chuck will's widow","chuck-will's-widow","cwwi","caprimulgus carolinensis","caprimulgus carolinensis"
"417","whipoorwill","whip-poor-will","wpwi","caprimulgus vociferus","caprimulgus vociferus"
"146.1","poor will","common poorwill","copo","phalaenoptilus nuttallii","phalaenoptilus nuttallii"
"419","pauraque","common pauraque","copa","nyctidromus albicollis","nyctidromus albicollis"
"420","common nighthawk","common nighthawk","coni","chordeiles minor","chordeiles minor"
"421","lesser nighthawk","lesser nighthawk","leni","chordeiles acutipennis","chordeiles acutipennis"
"422","black swift","black swift","blsw","cypseloides niger","cypseloides niger"
"423","chimney swift","chimney swift","chsw","chaetura pelagica","chaetura pelagica"
"424","vaux's swift","vaux's swift","vasw","chaetura vauxi","chaetura vauxi"
"424.1","white-rumped swift","fork-tailed swift","ftsw","apus pacificus","apus pacificus"
"424.2","common swift","common swift","cosw","apus apus","apus apus"
"425","white-throated swift","white-throated swift","wtsw","aeronautes saxatalis","aeronautes saxatalis"
"n/a","cuban emerald (hummingbird)","cuban emerald (hummingbird)","cuem","riccordia ricordii","chlorostilbon ricordii"
"437","lucifer hummingbird","lucifer hummingbird","luhu","calothorax lucifer","calothorax lucifer"
"428","ruby-throated hummingbird","ruby-throated hummingbird","rthu","archilochus colubirs","archilochus colubirs"
"429","black-chinned hummingbird","black-chinned hummingbird","bchu","archilochus alexandri","archilochus alexandri"
"430","costa's hummingbird","costa's hummingbird","cohu","calypte costae","calypte costae"
"431","anna's hummingbird","anna's hummingbird","anhu","calypte anna","calypte anna"
"312","broad-tailed hummingbird","broad-tailed hummingbird","bthu","selasphorus platycercus","selasphorus platycercus"
"433","rufous hummingbird","rufous hummingbird","ruhu","selasphorus rufus","selasphorus rufus"
"434","allen's hummingbird","allen's hummingbird","alhu","selasphorus sasin","selasphorus sasin"
"435","heloise's hummingbird","bumblebee hummingbird","buhu","trochilus heloisa","atthis heloisa"
"436","calliope hummingbird","calliope hummingbird","cahu","stellula calliope","stellula calliope"
"426","rivoli's hummingbird","magnificent hummingbird","mahu","eugenes fulgens","eugenes fulgens"
"427","blue-throated hummingbird","blue-throated hummingbird","bluh","lampornis clemenciae","lampornis clemenciae"
"438","rieffer's hummingbird","rufous-tailed hummingbird","rufh","amazilia tzactl","amazilia tzactl"
"439","buff-bellied hummingbird","buff-bellied hummingbird","bufh","amazilia yucatanensis","amazilia yucatanensis"
"439.1","violet-crowned hummingbird","violet-crowned hummingbird","vchu","amazilia verticalis","amazilia violiceps"
"440","xantus' hummingbird","xantus's hummingbird","xahu","hylocharis xantusii","hylocharis xantiusii"
"440.1","white-eared hummingbird","white-eared hummingbird","wehu","hylocharis leucotis","hylocharis leucotis"
"441","broad-billed hummingbird","broad-billed hummingbird","bblh","cynanthus latirostris","cynanthus latirostris"
"389","coppery-tailed trogon","elegant trogon","eltr","trogon ambiguus","trogon elegans"
"390","belted kingfisher","belted kingfisher","beki","megaceryle alcyon","ceryle alcyon"
"390.1","ringed kingfisher","ringed kingfisher","riki","megaceryle torquata","ceryle torquata"
"391","green kingfisher","green kingfisher","gkin","chloroceryle americana","chloroceryle americana"
"415.1","wryneck","eurasian wryneck","euwr","jynx torquilla","jynx torquilla"
"412.5","hybrid flicker","flicker hybrid (red-sh. x                 yellow-sh.)","flin","n/a","n/a"
"412","yellow-shafted flicker","northern flicker/                 yellow-shafted flicker","ysfl","colaptes auratus","colaptes auratus"
"413","red-shafted flicker","red-shafted flicker","rsfl","colaptes cafer","colaptes cafer"
"412","guadalupe flicker","northern flicker/                 yellow-shafted flicker","ysfl","colaptes rufipileus","colaptes auratus"
"414","gilded flicker","gilded flicker","gifl","colaptes chrysoides","colaptes chrysoides"
"405","pileated woodpecker","pileated woodpecker","piwo","dryocopus pileatus","dryocopus pileatus"
"409","red-bellied woodpecker","red-bellied woodpecker","rbwo","centurus carolinus","melanerpes caolinus"
"410","golden-fronted woodpecker","golden-fronted woodpecker","gfwo","centurus aurifrons","melanerpes aurifrons"
"411","gila woodpecker","gila woodpecker","giwo","centurus uropygialis","melanerpes uropygialis"
"406","red-headed woodpecker","red-headed woodpecker","rhwo","melanerpes erythrocephalus","melanerpes erythrocephalus"
"407","acorn woodpecker","acorn woodpecker","acwo","melanerpes formicivorus","melanerpes formicivorus"
"408","lewis woodpecker","lewis's woodpecker","lewo","asyndesmus lewis","melanerpes lewis"
"402","yellow-bellied sapsucker","yellow-bellied sapsucker","ybsa","sphyrapicus varius","sphyrapicus varius"
"404","williamson's sapsucker","williamson's sapsucker","wisa","sphyrapicus thyroideus","sphyrapicus thyroideus"
"393","hairy woodpecker","hairy woodpecker","hawo","dendrocopos villosus","picoides villosus"
"394","downy woodpecker","downy woodpecker","dowo","dendrocopos pubescens","picoides pubscens"
"396","ladder-backed woodpecker","ladder-backed woodpecker","lbwo","dendrocopos scalaris","picoides scalaris"
"397","nuttall's woodpecker","nuttall's woodpecker","nuwo","dendrocopos nuttallii","picoides nuttallii"
"397.5","arizona woodpecker","arizona woodpecker","arwo","dendrocopos arizonae","picoides arizonae"
"395","red-cockaded woodpecker","red-cockaded woodpecker","rcwo","dendrocopos borealis","picoides borealis"
"399","white-headed woodpecker","white-headed woodpecker","whwo","dendrocopos albolarvatus","picoides albolarvatus"
"400","black-backed three-toed    woodpecker","black-backed woodpecker","bbwo","picoides arcticus","picoides arcticus"
"401","northern three-toed woodpecker","american three-toed                 woodpecker","attw","picoides tridactylus","picoides tridactylus"
"392","ivory-billed woodpecker","ivory-billed woodpecker","ibwo","campephilus principalis","campephilus principalis"
"441.1","rose-throated becard","rose-throated becard","rtbe","platypsaris aglaiae","pachyramphus aglaiae"
"444","eastern kingbird","eastern kingbird","eaki","tyrannus tyrannus","tyrannus tyrannus"
"445","gray kingbird","gray kingbird","grak","tyrannus dominicensis","tyrannus dominicensis"
"446","tropical kingbird","tropical kingbird","trki","tyrannus melancholicus","tyrannus melancholicus"
"447","western kingbird","western kingbird","weki","tyrannus verticalis","tyrannus verticalis"
"448","cassin's kingbird","cassin's kingbird","caki","tyrannus vociferans","tyrannus vociferans"
"445.1","thick-billed kingbird","thick-billed kingbird","tbki","tyrannus crassirostris","tyrannus crassirostris"
"422","fork-tailed flycatcher","fork-tailed flycatcher","ftfl","muscivora tyrannus","tyrannus savana"
"443","scissor-tailed flycatcher","scissor-tailed flycatcher","stfl","muscivora forficata","tyrannus fortficatus"
"449","kiskadee flycatcher","great kiskadee","gkis","pitangus sulphuratus","pitangus sulphuratus"
"450","social flycatcher","social flycatcher","sofl","myiozetetes similis","myiozetetes similis"
"451","sulfur-bellied flycatcher","sulphur-bellied flycatcher","sbfl","myiodynastes luteiventris","myiodynastes luteiventris"
"452","great crested flycatcher","great crested flycatcher","gcfl","myiarchus crinitus","myiarchus crinitus"
"453","wied's crested flycatcher","brown-crested flycatcher","bcfl","myiarchus tyrannulus","myiarchus tyrannulus"
"454","ash-throated flycatcher","ash-throated flycatcher","atfl","myiarchus cinerascens","myiarchus cinerascens"
"455","olivaceous flycatcher","dusky-capped flycatcher","dcfl","myiarchus lawrencei","myiarchus tuberculifer"
"453.1","nutting's flycatcher","nutting's flycatcher","nufl","myiarchus nuttingi","myiarchus nuttingi"
"456","eastern phoebe","eastern phoebe","eaph","sayornis phoebe","sayornis phoebe"
"458","black phoebe","black phoebe","blph","sayornis nigricans","sayornis nigricans"
"457","say's phoebe","say's phoebe","saph","sayornis saya","sayornis saya"
"463","yellow-bellied flycatcher","yellow-bellied flycatcher","ybfl","empidonax flaviventris","empidonax flaviventris"
"465","acadian flycatcher","acadian flycatcher","acfl","empidonax virescens","empidonax virescens"
"466.5","traill's flycatcher","traill's flycatcher","trfl","empidonax traillii","empidonax traillii"
"467","least flycatcher","least flycatcher","lefl","empidonax minimus","empidonax minimus"
"468","hammond's flycatcher","hammond's flycatcher","hafl","empidonax hammondii","empidonax hammondii"
"469","dusky flycatcher","dusky flycatcher","dufl","empidonax oberholseri","empidonax oberholseri"
"461.9","gray flycatcher","gray flycatcher","grfl","empidonax wrightii","empidonax wrightii"
"464.9","western flycatcher","western flycatcher","wefl","empidonax difficilis","empidonax difficilis"
"470","buff-breasted flycatcher","buff-breasted flycatcher","bbfl","empidonax fulvifrons","empidonax fulvifrons"
"460","coues' flycatcher","greater pewee","grpe","contopus pertinax","contopus pertinax"
"461","eastern wood pewee","eastern wood-pewee","eawp","contopus virens","contopus virens"
"462","western wood pewee","western wood-pewee","wewp","contopus sordidulus","contopus sordidulus"
"459","olive-sided flycatcher","olive-sided flycatcher","osfl","contopus borealis","contopus cooperi"
"471","vermilion flycatcher","vermilion flycatcher","vefl","pyrocephalus rubinus","pyrocephalus rubinus"
"472","beardless flycatcher","northern beardless                 tyrannulet","nobt","camptostoma imberbe","camptostoma imberbe"
"473","skylark","sky lark","skla","alauda arvensis","alauda arvensis"
"474","horned lark","horned lark","hola","eremophila alpestris","eremophila alpestris"
"615.1","bahama swallow","bahama swallow","bahs","callichelidon cyaneoviridis","tachycineta cyaneoviridis"
"615","violet-green swallow","violet-green swallow","vgsw","tachycineta thalassina","tachycineta thalassina"
"614","tree swallow","tree swallow","tres","iridoprocne bicolor","tachycineta bicolor"
"616","bank swallow","bank swallow","bans","riparia riparia","riparia riparia"
"617","rough-winged swallow","northern rough-winged swallow","nrws","stelgidopteryx ruficollis","stelgidopteryx serripennis"
"615.2","house martin","common house martin","cohm","delichon urbica","delichon urbica"
"612.2","hybrid swallow","cave x cliff swallow","ccsw","&nbsp;","&nbsp;"
"613","european swallow","barn swallow","bars","hirundo rustica","hirundo rustica"
"613","barn swallow","barn swallow","bars","hirundo erythrogaster","hirundo rustica"
"612","cliff swallow","cliff swallow","clsw","petrochelidon pyrrhonota","petrochelidon pyrrhonota"
"612.1","cave swallow","cave swallow","casw","petrochelidon fulva","petrochelidon fulva"
"611.1","cuban martin","cuban martin","cuma","progne cryptoleuca","progne cryptoleuca"
"611.2","gray-breasted martin","gray-breasted martin","gybm","progne chalybea","progne chalybea"
"611","purple martin","purple martin","puma","progne subis","progne subis"
"611.3","caribbean martin","caribbean martin","cama","progne dominicensis","progne dominicensis"
"484","gray jay","gray jay","graj","perisoreus canadensis","perisoreus canadensis"
"477","blue jay","blue jay","blja","cyanocitta cristata","cyanocitta cristata"
"478","steller's jay","steller's jay","stja","cyanocitta stelleri","cyanocitta stelleri"
"481","western scrub jay","western scrub jay","wesj","aphelocoma californica","aphelocoma californica"
"479","florida scrub jay","florida scrub jay","flsj","aphelocoma coerulescens","aphelocoma coerulescens"
"481.1","island scrub jay","island scrub jay","issj","aphelocoma insularis","aphelocoma insularis"
"482","mexican jay","mexican jay","meja","aphelocoma ultramarina","aphelocoma ultramarina"
"483","green jay","green jay","grej","cyanocorax yncas","cyanocorax yncas"
"483.1","san blas jay","san blas jay","sbja","cissilopha san-blasiana","cyanocorax sanblasianus"
"475","black-billed magpie","black-billed magpie","bbma","pica pica","pica hudsonia"
"476","yellow-billed magpie","yellow-billed magpie","ybma","pica nuttalli","pica nuttalli"
"n/a","spectacled jay-thrush","chinese hwamei","hwam","trochalopterum canorum","leucodioptron canorum"
"486","common raven","common raven","cora","corvus corax","corvus corax"
"487","white-necked raven","chihuahuan raven","chra","corvus cryptoleucus","corvus cryptoleucus"
"488","common crow","american crow","amcr","corvus brachyrhynchos","corvus brachyrhynchos"
"489","northwestern crow","northwestern crow","nocr","corvus caurinus","corvus caurinus"
"490","fish crow","fish crow","ficr","corvus ossifragus","corvus ossifragus"
"490.1","rook","rook","rook","corvus frugilegus","corvus frugilegus"
"490.2","hooded crow","carrion crow","cacr","corvus cornix","corvus corone"
"492","pinon jay","pinyon jay","pija","gymnorhinus cyanocephalus","gymnorhinus cyanocephalus"
"491","clark's nutcracker","clark's nutcracker","clnu","nucifraga columbiana","nucifraga columbiana"
"735","black-capped chickadee","black-capped chickadee","bcch","parus atricapillus","poecile atricapilla"
"736","carolina chickadee","carolina chickadee","cach","parus carolinensis","poecile carolinensis"
"737","mexican chickadee","mexican chickadee","mech","parus sclateri","poecile sclateri"
"738","mountain chickadee","mountain chickadee","moch","parus gambeli","poecile gambeli"
"740","boreal chickadee","boreal chickadee","boch","parus hudsonicus","poecile hudsonica"
"741","chestnut-backed chickadee","chestnut-backed chickadee","cbch","parus rufescens","poecile rufescens"
"731","tufted titmouse","tufted titmouse","tuti","parus bicolor","baeolophus bicolor"
"732","black-crested titmouse","black-crested titmouse","bcti","baeolophus atricristatus","parus atricristatus"
"733.9","plain titmouse","plain titmouse","plti","parus inornatus","parus inornatus"
"734","bridled titmouse","bridled titmouse","brti","parus wollweberi","baeolophus wollweberi"
"746","verdin","verdin","verd","auriparus flaviceps","auriparus flaviceps"
"743","black-eared bushtit","common bushtit","cobu","psaltriparus minimus","psaltriparus minimus"
"743","common bushtit","common bushtit","cobu","psaltriparus minimus","psaltriparus minimus"
"727","white-breasted nuthatch","white-breasted nuthatch","wbnu","sitta carolinensis","sitta carolinensis"
"728","red-breasted nuthatch","red-breasted nuthatch","rbnu","sitta canadensis","sitta canadensis"
"729","brown-headed nuthatch","brown-headed nuthatch","bhnu","sitta pusilla","sitta pusilla"
"730","pigmy nuthatch","pigmy nuthatch","pynu","sitta pygmea","sitta pygmea"
"726","brown creeper","brown creeper","brcr","certhia familiaris","certhia americana"
"742","wrentit","wrentit","wren","chamaea fasciata","chamaea fasciata"
"701","dipper","american dipper","amdi","cinclus mexicanus","cinclus mexicanus"
"721","house wren","house wren","howr","troglodytes aedon","troglodytes aedon"
"721","brown-throated wren","house wren","howr","troglodytes brunneicollis","troglodytes aedon"
"722","winter wren","winter wren","wiwr","troglodytes troglodytes","troglodytes troglodytes"
"719","bewick's wren","bewick's wren","bewr","thryothorus bewickii","thryothorus bewickii"
"718","carolina wren","carolina wren","carw","thryothorus ludovicianus","thryothorus ludovicianus"
"713","cactus wren","cactus wren","cacw","telmatodytes palustris","campylorhynchus brunneicapillus"
"725","long-billed marsh wren","marsh wren","mawr","cistothorus palustris","cistothorus palustris"
"724","short-billed marsh wren","sedge wren","sewr","cistothorus platensis","cistothorus platensis"
"717","white-throated wren","canyon wren","canw","catherpes mexicanus","catherpes mexicanus"
"715","rock wren","rock wren","rowr","salpinctes obsoletus","salpinctes obsoletus"
"703","mockingbird","northern mockingbird","nomo","mimus polyglottos","mimus polyglottos"
"704","catbird","gray catbird","grca","dumetella carolinensis","dumetella carolinensis"
"705","brown thrasher","brown thrasher","brth","toxostoma rufum","toxostoma rufum"
"706","long-billed thrasher","long-billed thrasher","lbth","toxostoma longirostre","toxostoma longirostre"
"76.1","san lucas thrasher","gray thrasher","grat","toxostoma cinereum","toxostoma cinereum"
"708","bendire's thrasher","bendire's thrasher","beth","toxostoma bendirei","toxostoma bendirei"
"707","curve-billed thrasher","curve-billed thrasher","cbth","toxostoma curvirostre","toxostoma curvirostre"
"710","california thrasher","california thrasher","cath","toxostoma redivivum","toxostoma redivivum"
"711","le conte's thrasher","le conte's thrasher","lcth","toxostoma lecontei","toxostoma lecontei"
"712","crissal thrasher","crissal thrasher","crth","toxostoma dorsale","toxostoma crissale"
"702","sage thrasher","sage thrasher","sath","oreoscptes montanus","oreoscptes montanus"
"760","red-wing","red-wing","redw","turdus musicus","turdus iliacus"
"762.1","tamaulipas thrush","clay-colored robin","ccro","turdus grayi","turdus grayi"
"761","robin","american robin","amro","turdus migratorius","turdus migratorius"
"761.1","european blackbird","eurasian blackbird","eubl","turdus merula","turdus merula"
"761","san lucas robin","american robin","amro","turdus confinis","turdus migratorius"
"761.2","fieldfare","fieldfare","fiel","turdus pilaris","turdus pilaris"
"763","varied thrush","varied thrush","vath","ixoreus naevius","ixoreus naevius"
"755","wood thrush","wood thrush","woth","hylocichla mustelina","hylocichla mustelina"
"759","hermit thrush","hermit thrush","heth","hylocichla guttata","catharus guttatus"
"758","swainson's thrush","swainson's thrush","swth","hylocichla ustulata","cathartus ustulatus"
"757","gray-cheeked thrush","gray-cheeked thrush/                 bicknell's thursh","gcbt","hylocichla minima","cathartes minimus"
"756","veery","veery","veer","hylocichla fuscescens","catharus fuscescens"
"766","eastern bluebird","eastern bluebird","eabl","sialia sialia","sialia sialis"
"767","western bluebird","western bluebird","webl","sialia mexicana","sialia mexicana"
"768","mountain bluebird","mountain bluebird","mobl","silalia currucoides","silalia currucoides"
"765","wheatear","northern wheatear","nowh","saxicola oenanthe","oenanthe oenanthe"
"764","bluethroat","bluethroat","blue","cyanosylvia suecica","luscinia svecica"
"764.1","siberian rubythroat","siberian rubythroat","siru","calliope calliope","luscinia calliope"
"754","townsend's solitaire","townsend's solitaire","toso","myadestes townsendi","myadestes townsendi"
"747","arctic warbler","arctic warbler","arwa","acacanthopneuste borealis","phylloscopus borealis"
"747.1","middendorff's grasshopper    warbler","middendorff's                 grasshopper-warbler","migw","locustella ochotensis","locustella ochotensis"
"749.1","mountain accentor","siberian accentor","siac","prunella montanella","prunella montanella"
"751","blue-gray gnatcatcher","blue-gray gnatcatcher","bggn","polioptila caerulea","polioptila caerulea"
"752","black-tailed gnatcatcher","black-tailed gnatcatcher","btgn","polioptila melanura","polioptila melanura"
"748","golden-crowned kinglet","golden-crowned kinglet","gcki","regulus satrapa","regulus satrapa"
"749","ruby-crowned kinglet","ruby-crowned kinglet","rcki","regulus calendula","regulus calendula"
"749.1","mountain accentor","siberian accentor","siac","prunella montanella","prunella montanella"
"694","white wagtail","white wagtail","whwa","motacilla alba","motacilla alba"
"694","swinhoe's wagtail","white wagtail","whwa","motacilla ocularis","motacilla alba"
"696","yellow wagtail","yellow wagtail","ywag","budytes flavus","motacilla flava"
"697","water pipit","american pipit","ampi","anthus rubescens","anthus rubescens"
"698.1","pechora pipit","pechora pipit","pepi","anthus gustavi","anthus gustavi"
"698","meadow pipit","meadow pipit","mepi","anthus pratensis","anthus pratensis"
"699","red-throated pipit","red-throated pipit","rtpi","anthus cervinus","anthus cervinus"
"700","sprague's pipit","sprague's pipit","sppi","anthus spraguei","anthus spragueii"
"618","bohemian waxwing","bohemian waxwing","bowa","bombycilla garrula","bombycilla garrulus"
"619","cedar waxwing","cedar waxwing","cedw","bombycilla cedrorum","bombycilla cedrorum"
"620","phainopepla","phainopepla","phai","phainopepla nitens","phainopepla nitens"
"621","northern shrike","northern shrike","nshr","lanius borealis","lanius excubitor"
"622","loggerhead shrike","loggerhead shrike","losh","lanius ludovicianus","lanius ludovicianus"
"493","starling","european starling","eust","sturnus vulgaris","sturnus vulgaris"
"493.1","crested myna","crested myna","crmy","acridotheres tristis","acridotheres cristatellus"
"630","black-capped vireo","black-capped vireo","bcvi","vireo atricapillus","vireo atrcapillus"
"631","white-eyed vireo","white-eyed vireo","wevi","vireo griseus","vireo griseus"
"632","hutton's vireo","hutton's vireo","huvi","vireo huttoni","vireo huttoni"
"633","bell's vireo","bell's vireo","bevi","vireo bellii","vireo bellii"
"634","gray vireo","gray vireo","grvi","vireo vicinior","vireo vicinior"
"628","yellow-throated vireo","yellow-throated vireo","ytvi","lanivireo flavifrons","vireo flavifrons"
"629","solitary vireo","blue-headed vireo","bhvi","lanivireo solitarius","vireo solitarius"
"623","black-whiskered vireo","black-whiskered vireo","bwvi","vireosylva calidris","vireo altiloquus"
"625","yellow-green vireo","yellow-green vireo","ygvi","vireosylva flavoviridis","vireo flavoviridis"
"624","red-eyed vireo","red-eyed vireo","revi","vireo olivaceus","vireo olivaceus"
"626","philadelphia vireo","philadelphia vireo","phvi","vireosylva philadelphica","vireo philadelphicus"
"627","warbling vireo","warbling vireo","wavi","vireosylva gilva","vireo gilvus"
"635","bahama honeycreeper","bananaquit","bana","certhiola bahamensis","coereba flaveola"
"636","black-and-white warbler","black-and-white warbler","baww","mniotilta varia","mniotilta varia"
"637","prothonotary","prothonotary warbler","prow","protonotaria citrea","protonotaria citrea"
"638","swainson's warbler","swainson's warbler","swwa","helinaia swainsoni","limnothlypis swainsonii"
"639","worm-eating warbler","worm-eating warbler","wewa","helmitheros vermivorus","helmitheros vermivora"
"642","golden-winged warbler","golden-winged warbler","gwwa","vermivora chrysoptera","vermivora chrysoptera"
"641","blue-winged warbler","blue-winged warbler","bwwa","vermivora pinus","vermivora pinus"
"641.2","brewster's warbler","brewster's warbler","brwa","vermivora pinusxchrysoptera hybrid (brewster)","vermivora pinusxchrysoptera hybrid (brewster)"
"641.3","lawrence's warbler","lawrence's warbler","lawa","helmithrophila lawrencei","vermivora pinusxchrysoptera hybrid (lawrence)"
"647","tennessee warbler","tennessee warbler","tewa","vermivora peregrina","vermivora peregrina"
"640","bachman's warbler","bachman's warbler","bawa","vermivora bachmani","vermivora bachmanii"
"646","orange-crowned warbler","orange-crowned warbler","ocwa","vermivora celata","vermivora celata"
"645","nashville warbler","nashville warbler","nawa","vermivora rubricapilla","vermivora ruficapilla"
"644","virginia's warbler","virginia's warbler","viwa","vermivora virginiae","vermivora virginiae"
"647.1","colima warbler","colima warbler","colw","vermivora crissalis","vermivora crissalis"
"643","lucy's warbler","lucy's warbler","luwa","vermivora luciae","vermivora luciae"
"&nbsp;","cincinnati warbler","cincinnati warbler","cinw","&nbsp;","&nbsp;"
"648","parula warbler","northern parula","nopa","compsothlypsis americana","parula americana"
"649","olive-backed warbler","tropical parula","trpa","compsothlypsis pitiayumi","parula pitiayumi"
"649","socorro warbler","tropical parula","trpa","compsothlypsis graysoni","parula pitiayumi"
"651","olive warbler","olive warbler","olwa","peucedramus olivaceus","peucedramus taeniatus"
"652","yellow warbler","yellow warbler","ywar","dendroica aestiva","dendroica petechia"
"&nbsp;","mangrove warbler/cuban golden    warbler","mangrove warbler","manw","&nbsp;","&nbsp;"
"657","magnolia warbler","magnolia warbler","mawa","dendroica magnolia","dendroica magnolia"
"650","cape may warbler","cape may warbler","cmwa","dendroica tigrina","dendroica tigrina"
"654","black-throated blue warbler","black-throated blue warbler","btbw","dendroica caerulescens","dendroica caerulescens"
"655","myrtle warbler","myrtle warbler","mywa","dendroica cornonata","dendroica coronata"
"656","audubon's warbler","audubon's warbler","auwa","dendroica auduboni","dendroica coronata"
"665","black-throated gray warbler","black-throated gray warbler","btyw","dendroica nigrescens","dendroica nigrescens"
"668","townsend's warbler","townsend's warbler","towa","dendroica towsendi","dendroica townsendi"
"667","black-throated green warbler","black-throated green warbler","btnw","dendrocia virens","dendroica virens"
"666","golden-cheeked warbler","golden-cheeked warbler","gcwa","dendroica chrysoparia","dendroica chrysoparia"
"669","hermit warbler","hermit warbler","hewa","dendroica occidentalis","dendroica occidentalis"
"658","cerulean warbler","cerulean warbler","cerw","dendroica caerulea","dendroica cerulea"
"662","blackburnian warbler","blackburnian warbler","blbw","dendroica fusca","dendroica fusca"
"663","yellow-throated warbler","yellow-throated warbler","ytwa","dendroica dominica","dendroica dominica"
"664","grace's warbler","grace's warbler","grwa","dendroica graciae","dendroica graciae"
"659","chestnut-sided warbler","chestnut-sided warbler","cswa","dendroica pensylvanica","dendroica pensylvanica"
"660","bay-breasted warbler","bay-breasted warbler","bbwa","dendroica castanea","dendroica castanea"
"661","blackpoll warbler","blackpoll warbler","blpw","dendroica striata","dendroica striata"
"671","pine warbler","pine warbler","piwa","dendroica vigorsi","dendroica pinus"
"670","kirtland's warbler","kirtland's warbler","kiwa","dendroica kirtlandi","dendroica kirtlandii"
"673","prairie warbler","prairie warbler","praw","dendroica dicolor","dendroica discolor"
"672","palm warbler","western palm warbler","wpwa","dendroica palmarum","dendroica palmarum"
"663.4","sutton's warbler","sutton's warbler","suwa","dendroica potomac","dendroica potomac"
"n/a","brasher's warbler","brasher's warbler","braw","basileuterus brasheri","basileuterus brasheri"
"674","ovenbird","ovenbird","oven","seiurus aurocapillus","seiurus aurocapilla"
"675","northern waterthrush","northern waterthrush","nowa","seiurus noveboracensis","seiurus noveboracensis"
"676","louisiana waterthrush","louisiana waterthrush","lowa","seiurus motacilla","seiurus motacilla"
"677","kentucky warbler","kentucky warbler","kewa","oporonis formosus","oporornis formosus"
"678","conneticut warbler","conneticut warbler","conw","geothlypis agilis","oporornis agilis"
"679","mourning warbler","mourning warbler","mowa","oporonis philadelphia","oporornis philadelphia"
"680","macgillivray's warbler","macgillivray's warbler","mgwa","oporonis tolmiei","oporonis tolmiei"
"681","yellowthroat","common yellowthroat","coye","geothylpis trichas","geothlypis trichas"
"682","belding's yellowthroat","belding's yellowthroat","beye","geothylpis beldingi","geothlypis beldingi"
"682.1","ground chat/ rio grande    yellowthroat","gray-crowned yellowthroat","gcye","chamaethylpis poliocephala","geothlypis poliocephala"
"683","yellow-breasted chat","yellow-breasted chat","ybch","icteria virens","icteria virens"
"688.1","fan-tailed warbler","fan-tailed warbler","ftwa","euthlypis lachrymosa","euthlypis lachrymosa"
"690","red-faced warbler","red-faced warbler","rfwa","cardellina rubifrons","cardellina rubrifrons"
"684","hooded warbler","hooded warbler","howa","wilsonia citrina","wilsonia citrina"
"685","wilson's warbler","wilson's warbler","wiwa","wilsonia pusilla","wilsonia pusilla"
"686","canada warbler","canada warbler","cawa","wilsonia canadensis","wilsonia canadensis"
"687","american redstart","american redstart","amre","setophaga ruticilla","setophaga ruticilla"
"688","painted redstart","painted redstart","pare","setophaga picta","myioborus pictus"
"688.2","house sparrow","house sparrow","hosp","passer domesticus","passer domesticus"
"688.3","european tree sparrow","eurasian tree sparrow","etsp","passer montanus","passer montanus"
"494","bobolink","bobolink","bobo","doichonyx oryzivorous","dolichonyx oryzivorus"
"501","eastern meadowlark","eastern meadowlark","eame","sturnella magna","sturnella magna"
"501","western meadowlark","western meadowlark","weme","sturnella neglecta","sturnella neglecta"
"505.1","western scarlet-headed oriole","streak-backed oriole","stro","icterus pustulatus","icteris pustulatus"
"916.6","troupial","troupial","trou","icterus icterus","icterus icterus"
"497","yellow-headed blackbird","yellow-headed blackbird","yhbl","xanthocephalus xanthocephalus","xanthocephalus xanthocephalus"
"498","redwinged blackbird","red-winged blackbird","rwbl","agelaius phoeniceus","agelaius phoeniceus"
"500","tricolored blackbird","tricolored blackbird","trbl","agelaius tricolor","agelaius tricolor"
"500.1","tawny-shouldered blackbird","tawny-shouldered blackbird","tsbl","agelaius humeralis","agelaius humeralis"
"506","orchard oriole","orchard oriole","oror","icterus spurius","icterus spurius"
"503","black-headed oriole","audubon's oriole","auor","icterus melanocephalus","icteris graduacauda"
"503.2","spotted-breasted oriole","spot-breasted oriole","spoo","icteris pectoralis","icteris pectoralis"
"505","hooded oriole","hooded oriole","hoor","icterus cucullatus","icterus cucullatus"
"503.1","lichtenstein's oriole","altamira oriole","alor","andriopsar gularis","icteris gularis"
"504","scott's oriole","scott's oriole","scor","icterus parisorum","icteris parisorum"
"507","baltimore oriole","baltimore oriole","baor","icterus galbula","icteris galbula"
"508","bullock's oriole","bullock's oriole","buor","icterus bullocki","icteris bullockii"
"509","rusty blackbird","rusty blackbird","rubl","euphagus carolinus","euphagus carolinus"
"510","brewer's blackbird","brewer's blackbird","brbl","euphagus cyanocephalus","euphagus cyanocephalus"
"513","boat-tailed grackle","boat-tailed grackle","btgr","megaquiscalus major","quiscalus mexicanus"
"511","common grackle","common grackle","cogr","quiscalus quiscula","quiscalus quiscula"
"608","scarlet tanager","scarlet tanager","scta","piranga erythromelas","piranga olivacea"
"609","hepatic tanager","hepatic tanager","heta","piranga hepatica","piranga flava"
"610","summer tanager","summer tanager","suta","piranga rubra rubra","piranga rubra"
"593","cardinal","northern cardinal","noca","cardinalis cardinalis","cardinalis cardinalis"
"594","arizona pyrrhuloxia","pyrrhuloxia","pyrr","pyrrhuloxia sinuata","cardinalis sinuatus"
"595","rose-breasted grosbeak","rose-breasted grosbeak","rbgr","zamelodia ludoviciana","pheucticus ludovicianus"
"596","black-headed grosbeak","black-headed grosbeak","bhgr","zamelodia melanocephala","pheucticus melanocephalus"
"597","blue grosbeak","blue grosbeak","blgr","guiraca caerulea","guiraca caerulea"
"598","indigo bunting","indigo bunting","inbu","passerina cyanea","passerina cyanea"
"599","lazuli bunting","lazuli bunting","lazb","passerina amoena","passerina amoena"
"600","varied bunting","varied bunting","vabu","passerina versicolor","passerina versicolor"
"601","painted bunting","painted bunting","pabu","passerina ciris","passerina ciris"
"603","black-faced grassquit","black-faced grassquit","bfgr","tiaris bicolor","tiaris bicolor"
"603.1","melodius grassquit","cuban grassquit","cugr","tiaris canora","tiaris canora"
"604","dickcissel","dickcissel","dick","spiza americana","spiza americana"
"495","brown-headed cowbird","brown-headed cowbird","bhco","molothrus ater","molothrus ater"
"496","red-eyed cowbird","bronzed cowbird","broc","tangauius aeneus","molothrus aeneus"
"496.1","shiny cowbird","shiny cowbird","shco","molothrus bonariensis","molothrus bonariensis"
"607","western tanager","western tanager","weta","piranga ludoviciana","piranga ludoviciana"
"514.1","brambling","brambling","bram","fringilla montifrigilla","fringilla montifringilla"
"514.2","hawfinch","hawfinch","hawf","coccothraustes japonicus","coccothraustes coccothraustes"
"514","evening grosbeak","evening grosbeak","evgr","hesperiphona vespertina","coccothraustes vespertinus"
"516","bullfinch","eurasian bullfinch","eubu","pyrrhula cassni","pyrrhula pyrrhula"
"517","purple finch","purple finch","pufi","carpodacus purpureus","carpodacus purpureus"
"518","cassin's finch","cassin's finch","cafi","carpodacus cassni","carpodacus cassinii"
"519","house finch","house finch","hofi","carpodacus mexicanus","carpodacus mexicanus"
"519","guadalupe house finch","house finch","hofi","carpodacus amplus","carpodacus mexicanus"
"519","mcgregor's house finch","house finch","hofi","carpodacus mcgregori","carpodacus mexicanus"
"602","white-collared seedeater","white-collared seedeater","wcse","sporophila morelleti","sporophila torqueola"
"515","pine grosbeak","pine grosbeak","pigr","pincola enucleator","pinicola enucleator"
"524","gray-crowned rosy finch","gray-crowned rosy finch","gcrf","luecosticte tephrocotis","leucosticte tephrocotis"
"525","black rosy finch","black rosy finch","blrf","leucosticte atrata","leucosticte atrata"
"526","brown-capped rosy finch","brown-capped rosy finch","bcrf","leucosticte australis","leucosticte australis"
"526.1","european goldfinch","european goldfinch","eugo","cardelis carduelis","carduelis carduelis"
"527","hoary redpoll","hoary redpoll","hore","acanthis hornemanni","carduelis hornemanni"
"528","common redpoll","common redpoll","core","acanthis linaria","carduelis flammea"
"n/a","gray linnet","eurasian linnet","euli","acanthis cannabina","carduelis cannabina"
"533","pine siskin","pine siskin","pisi","spinus pinus","carduelis pinus"
"529","american goldfinch","american goldfinch","amgo","astragalinus tristis","carduelis tristis"
"530","lesser goldfinch","lesser goldfinch","lego","astragalinus psaltria","carduelis psaltria"
"531","lawrence's goldfinch","lawrence's goldfinch","lago","astragalinus lawrencei","carduelis lawrencei"
"521","red crossbill","red crossbill","recr","loxia curvirostra","loxia curvirostra"
"522","white-winged crossbill","white-winged crossbill","wwcr","loxia leucoptera","loxia leucoptera"
"586","olive sparrow","olive sparrow","olsp","arremonops rufivirgatus","arremonops rufivirgatus"
"590","green-tailed towhee","green-tailed towhee","gtto","oreospiza chlorura","pipilo chlorurus"
"587","rufus-sided towhee","eastern towhee","eato","pipilo erythrophthalmus","pipilo erythrophthalmus"
"587","arctic towhee","eastern towhee","eato","piplo maculatus","pipilo erythrophthalmus"
"591.1","anthony's towhee","california towhee","calt","piplo crissalis","piplo crissalis"
"591","brown towhee","canyon towhee","cant","piplo fuscas","pipilo fuscus"
"592","albert's towhee","albert's towhee","abto","piplo alberti","piplo alberti"
"605","lark bunting","lark bunting","larb","calamospiza melanocorys","calamospiza melanocorys"
"541","ipswich sparrow","ipswich sparrow","ipsp","passerculus princeps","passerculus princeps"
"542","savannah sparrow","savannah sparrow","savs","passerculus sandwichensis","passerculus sandwichensis"
"546","grasshopper sparrow","grasshopper sparrow","grsp","ammodramus savannarum","ammodramus savannarum"
"545","baird's sparrow","baird's sparrow","bais","ammodramus bairdi","ammodramus bairdii"
"548","leconte's sparrow","le conte's sparrow","lcsp","passerherbulus lecontei","ammodramus leconteii"
"547","henslow's sparrow","henslow's sparrow","hesp","passerherbulus henslowi","ammodramus henslowii"
"549","sharp-tailed sparrow","saltmarsh                 sharp-tailed sparrow","ssts","passerherbulus caudacutus","ammodramus caudacutus"
"550","seaside sparrow","seaside sparrow","sesp","passerherbulus maritimus","ammodramus maritimus"
"551","dusky seaside sparrow","dusky seaside sparrow","duss","passerherbulus nigrescens","ammodramus maritimus"
"574.1","cape sable sparrow","cape sable sparrow","sssp","ammospiza mirabilis","ammodramus maritimus"
"540","vesper sparrow","vesper sparrow","vesp","pooecetes gramineus","pooecetes gramineus"
"552","lark sparrow","lark sparrow","lasp","chondestes grammacus","chondestes grammacus"
"579","rufous-winged sparrow","rufous-winged sparrow","rwsp","aimophila caralis","aimophila caralis"
"580","rufous-crowned sparrow","rufous-crowned sparrow","rcsp","aimophila ruficeps","aimophila ruficeps"
"575","pine-woods sparrow","bachman's sparrow","bacs","peucaea aestivalis","aimophila aestivalis"
"576","botteri's sparrow","botteri's sparrow","bosp","peucaea botteri","aimophila botterii"
"578","cassin's sparrow","cassin's sparrow","casp","peucaea cassini","aimophila cassinii"
"573","black-throated sparrow","black-throated sparrow","btsp","amphispiza bilineata","amphispiza bilineata"
"574","sage sparrow","sage sparrow","sags","amphispiza nevadensis","amphispiza belli"
"567","white-winged junco","dark-eyed junco","deju","junco aikeni","junco hyemalis"
"567","slate-colored junco","dark-eyed junco","deju","junco hyemalis","junco hyemalis"
"567","pink-sided junco","dark-eyed junco","deju","junco annectens","junco hyemalis"
"567","townsend's junco","dark-eyed junco","deju","junco townsendi","junco hyemalis"
"570","guadalupe junco","yellow-eyed junco","yeju","junco insularis","junco phaeonotus"
"567","gray-headed junco","dark-eyed junco","deju","junco caniceps","junco hyemalis"
"570","red-backed junco","yellow-eyed junco","yeju","junco phaeonotus","junco phaeonotus"
"570","arizona junco","yellow-eyed junco","yeju","junco phaeonotus","junco phaeonotus"
"570","baird's junco","yellow-eyed junco","yeju","junco bairdi","junco phaeonotus"
"559","tree sparrow","american tree sparrow","atsp","spizella monticola","spizella arborea"
"560","chipping sparrow","chipping sparrow","chsp","spizella passerina","spizella passerina"
"561","clay-colored sparrow","clay-colored sparrow","ccsp","spizella pallida","spizella pallida"
"562","brewer's sparrow","brewer's sparrow","brsp","spizella breweri","spizella breweri"
"563","field sparrow","field sparrow","fisp","spizella pusilla","spizella pusilla"
"564","worthen's sparrow","worthen's sparrow","wosp","spizella wortheni","spizella wortheni"
"565","black-chinned sparrow","black-chinned sparrow","bcsp","spizella atrogularis","spizella atrogularis"
"553","harris sparrow","harris's sparrow","hasp","zonotrichia querula","zonotrichia querula"
"554","white-crowned sparrow","white-crowned sparrow","wcsp","zonotrichia leucophrys","zonotrichia leucophrys"
"557","golden-crowned sparrow","golden-crowned sparrow","gcsp","zonotrichia coronata","zonotrichia atricapilla"
"558","white-throated sparrow","white-throated sparrow","wtsp","zonotrichia albicollis","zonotrichia albicollis"
"585","fox sparrow","fox sparrow","fosp","passerell iliaca","passerella iliaca"
"583","lincoln's sparrow","lincoln's sparrow","lisp","melospiza lincolni","melospiza lincolnii"
"584","swamp sparrow","swamp sparrow","swsp","melospiza georgiana","melospiza georgiana"
"581","song sparrow","song sparrow","sosp","melospiza melodia","melospiza melodia"
"539","mccowan's longspur","mccown's longspur","mclo","rhynchophains mccowni","calcarius mccownii"
"536","lapland longspur","lapland longspur","lalo","calcarius lapponicus","calcarius lapponicus"
"537","smith's longspur","smith's longspur","smlo","calcarius pictus","calcarius pictus"
"538","chestnut-collared longspur","chestnut-collared longspur","cclo","calcarius ornatus","calcarius ornatus"
"534","snow bunting","snow bunting","snbu","plectrophenax nivalis","plectrophenax nivalis"
"535","mckay's bunting","mckay's bunting","mkbu","plectrophenax hyperbornes","plectrophenax hyperboreus"
"535.1","rustic bunting","rustic bunting","rubu","emberiza rustica","emberiza rustica"
