"university name","country","state / province"
"la trobe university","australia","NULL"
"monash university","australia","NULL"
"university of south australia","australia","NULL"
"university of southern queensland","australia","NULL"
"university of western sydney","australia","NULL"
"australian catholic university","australia","NULL"
"central queensland university: mackay campus","australia","NULL"
"university of canberra","australia","act"
"macquarie university","australia","new south wales"
"the university of sydney","australia","new south wales"
"university of new england","australia","new south wales"
"university of new south wales","australia","new south wales"
"university of newcastle: callaghan campus","australia","new south wales"
"university of wollongong: wollongong campus","australia","new south wales"
"charles darwin university","australia","northern territory"
"bond university","australia","queensland"
"griffith university: nathan campus","australia","queensland"
"queensland university of technology","australia","queensland"
"university of the sunshine coast","australia","queensland"
"carnegie mellon university australia","australia","south australia"
"flinders university","australia","south australia"
"the university of adelaide","australia","south australia"
"royal melbourne institute of technology (rmit university)","australia","victoria"
"the university of melbourne","australia","victoria"
"university of ballarat: mount helen campus","australia","victoria"
"victoria university","australia","victoria"
"curtin university","australia","western australia"
"edith cowan university","australia","western australia"
"the university of western australia","australia","western australia"
"azerbaijan medical university","azerbaijan","NULL"
"azerbaijan state oil academy","azerbaijan","NULL"
"azerbaijan university","azerbaijan","NULL"
"azerbaijan university of architecture and conustruction","azerbaijan","NULL"
"azerbaijan university of languages","azerbaijan","NULL"
"ganja state university","azerbaijan","NULL"
"lankaran state university","azerbaijan","NULL"
"mingechevir polytechnic institute","azerbaijan","NULL"
"sumgayit state university","azerbaijan","NULL"
"azerbaijan state agrarian university","azerbaijan","NULL"
"azerbaijan state cooperation university","azerbaijan","NULL"
"azerbaijan state economic university","azerbaijan","NULL"
"azerbaijan technological university","azerbaijan","NULL"
"baku business university","azerbaijan","NULL"
"baku state university","azerbaijan","NULL"
"nakhchivan state university","azerbaijan","NULL"
"odlar yurdu university","azerbaijan","NULL"
"academy of public administration under the president of azerbaijan republic","azerbaijan","baku"
"polytechnic college of campinas (policamp)","brazil","NULL"
"unimonte","brazil","NULL"
"federal center for technological education celso suckow da fonseca  (cefet - rj)","brazil","NULL"
"getulio vargas foundation (fgv - rio de janeiro)","brazil","NULL"
"federal university of ceara","brazil","ceara"
"university center of para (cesupa)","brazil","para"
"unified teaching center of teresina piaui (ceut)","brazil","piauí"
"university positivo","brazil","pr"
"brazilian institute of market economies - faculty of economics and finance rio de janeiro (ibmec - rj)","brazil","rj"
"education and research institute - insper (ibmec-sp)","brazil","são paulo"
"integrated college rio branco","brazil","sp"
"unipalmares - zumbi dos palmares university","brazil","sp"
"cape breton university","canada","NULL"
"fanshawe college","canada","NULL"
"humber college","canada","NULL"
"kwantlen polytechnic university","canada","NULL"
"laurentian university/universite laurentienne (ontario)","canada","NULL"
"loyalist college","canada","NULL"
"memorial university of newfoundland - grenfell campus","canada","NULL"
"mount saint vincent university","canada","NULL"
"nait","canada","NULL"
"sait polytechnic","canada","NULL"
"st. lawrence college","canada","NULL"
"university of ontario institute of technology (ontario)","canada","NULL"
"university of toronto: mississauga campus","canada","NULL"
"college of the north atlantic clarenville","canada","NULL"
"college of the north atlantic corner brook","canada","NULL"
"college of the north atlantic st. john's","canada","NULL"
"college of the north atlantic stephenville","canada","NULL"
"george brown college","canada","NULL"
"devry institute of technology calgary","canada","alberta"
"mount royal university","canada","alberta"
"university of alberta","canada","alberta"
"university of calgary","canada","alberta"
"british columbia institute of technology","canada","british columbia"
"okanagan college","canada","british columbia"
"royal roads university","canada","british columbia"
"simon fraser university","canada","british columbia"
"thompson rivers university","canada","british columbia"
"university of british columbia","canada","british columbia"
"university of victoria","canada","british columbia"
"brandon university","canada","manitoba"
"university of manitoba","canada","manitoba"
"mount allison university","canada","new brunswick"
"university of moncton","canada","new brunswick"
"college of the north atlantic grand falls-windsor","canada","newfoundland"
"memorial university of newfoundland","canada","newfoundland"
"acadia university","canada","nova scotia"
"dalhousie university","canada","nova scotia"
"nova scotia community college kingstec","canada","nova scotia"
"saint mary's university","canada","nova scotia"
"saint-anne university","canada","nova scotia"
"st. francis xavier university","canada","nova scotia"
"brock university","canada","ontario"
"carleton university","canada","ontario"
"lakehead university","canada","ontario"
"niagara college","canada","ontario"
"queen's university","canada","ontario"
"ryerson university","canada","ontario"
"seneca college","canada","ontario"
"university of ottawa","canada","ontario"
"university of toronto: scarborough campus","canada","ontario"
"university of toronto: st. george campus","canada","ontario"
"university of western ontario","canada","ontario"
"university of windsor","canada","ontario"
"wilfrid laurier university","canada","ontario"
"york university","canada","ontario"
"university of prince edward island","canada","prince edward island"
"bishop's university","canada","quebec"
"concordia university","canada","quebec"
"mcgill university","canada","québec"
"university of regina","canada","saskatchewan"
"university of saskatchewan","canada","saskatchewan"
"agricultural university of henan","china","NULL"
"anhui agricultural university","china","NULL"
"beihang university","china","NULL"
"beijing institute of technology zhuhai campus","china","NULL"
"beijing international studies university","china","NULL"
"beijing language and culture university","china","NULL"
"beijing normal university - zhuhai campus","china","NULL"
"beijing technology and business university","china","NULL"
"beijing university of chemical technology","china","NULL"
"capital normal university","china","NULL"
"chengdu university of information technology","china","NULL"
"chengdu university of technology","china","NULL"
"china ji liang university","china","NULL"
"china university of petroleum","china","NULL"
"china university of political science and law","china","NULL"
"chongqing normal university","china","NULL"
"civil aviation university of china","china","NULL"
"college of science&technology ningbo university","china","NULL"
"dongbei university of finance and economics","china","NULL"
"fuzhou university","china","NULL"
"guangdong baiyun university","china","NULL"
"guangdong university of finance","china","NULL"
"guangdong university of technology","china","NULL"
"guangzhou university","china","NULL"
"guangzhou university of chinese medicine","china","NULL"
"harbin university of commerce","china","NULL"
"harbin university of science and technology","china","NULL"
"hebei university of technology","china","NULL"
"hefei university of technology","china","NULL"
"henan normal university","china","NULL"
"henan university","china","NULL"
"henan university of economics and law","china","NULL"
"henan university of technology","china","NULL"
"hong kong baptist university","china","NULL"
"huazhong agricultural university","china","NULL"
"huazhong normal university","china","NULL"
"hubei university of economics","china","NULL"
"hunan agricultural university","china","NULL"
"hunan normal university","china","NULL"
"hunan university","china","NULL"
"hunan university of chinese medicine","china","NULL"
"jiangnan university","china","NULL"
"jilin university - lambton college","china","NULL"
"jilin university of finance and economics","china","NULL"
"liaoning university","china","NULL"
"linyi university","china","NULL"
"nanjing audit university","china","NULL"
"nanjing university jinling college","china","NULL"
"nanjing university of finance and economics","china","NULL"
"nanjing university of information science and technology","china","NULL"
"nanjing university of science and technology","china","NULL"
"ningbo university","china","NULL"
"north china electric power university (beijing)","china","NULL"
"north china electric power university(baoding)","china","NULL"
"north china university of water conservancy and electric power","china","NULL"
"northeast forestry university","china","NULL"
"northwest university","china","NULL"
"ocean university of china","china","NULL"
"qingdao university","china","NULL"
"shaanxi university of science & technology","china","NULL"
"shandong university of finance and economics","china","NULL"
"shandong university of technology","china","NULL"
"shanghai ocean university","china","NULL"
"shanghai university of electric power","china","NULL"
"shanghai university of engineering science","china","NULL"
"shengda economics trade and management college of zhengzhou","china","NULL"
"sias international university","china","NULL"
"sino british college usst","china","NULL"
"soochow university","china","NULL"
"south central university for nationalities","china","NULL"
"south china agricultural university","china","NULL"
"southeast university","china","NULL"
"southern medical university","china","NULL"
"southwest petroleum university","china","NULL"
"southwest university for nationalities","china","NULL"
"the chinese university of hong kong","china","NULL"
"the hong kong polytechnic university","china","NULL"
"tianjin institute of urban construction","china","NULL"
"tianjin normal university","china","NULL"
"tianjin university of traditional chinese medicine","china","NULL"
"university of international relations","china","NULL"
"university of science and technology of china","china","NULL"
"wuhan university of technology","china","NULL"
"xi'an jiaotong - liverpool university","china","NULL"
"yanbian university","china","NULL"
"zhejiang university city college","china","NULL"
"zhejiang university of technology","china","NULL"
"zhengzhou institute of aeronautical industry management","china","NULL"
"zhengzhou university","china","NULL"
"zhengzhou university of light industry","china","NULL"
"zhongyuan university of technology","china","NULL"
"beijing foreign studies university","china","NULL"
"beijing forestry university","china","NULL"
"beijing institute of technology","china","NULL"
"beijing normal university","china","NULL"
"beijing normal university - hongkong baptist university --united international  college","china","NULL"
"central south university","china","NULL"
"china agricultural university","china","NULL"
"china pharmaceutical university","china","NULL"
"chongqing technology and business university","china","NULL"
"chongqing university","china","NULL"
"dalian university of foreign languages","china","NULL"
"donghua university","china","NULL"
"east china university of science and technology","china","NULL"
"huazhong university of science and technology","china","NULL"
"jilin university","china","NULL"
"nanjing agricultural university","china","NULL"
"nanjing university of aeronautics and astronautics","china","NULL"
"nankai university","china","NULL"
"peking university","china","NULL"
"renmin university of china","china","NULL"
"shandong university","china","NULL"
"shanghai finance university","china","NULL"
"shanghai gench college","china","NULL"
"shanghai institute of foreign trade","china","NULL"
"shanghai international studies university","china","NULL"
"shanghai maritime university","china","NULL"
"shanghai normal university","china","NULL"
"shanghai university","china","NULL"
"shanghai university of finance and economics","china","NULL"
"shantou university","china","NULL"
"sichuan international studies university","china","NULL"
"south china university of technology","china","NULL"
"southwestern university of finance and economics","china","NULL"
"the hong kong university of science and technology","china","NULL"
"the open university of hong kong","china","NULL"
"the university of hong kong","china","NULL"
"tianjin foreign studies university","china","NULL"
"tianjin polytechnic university","china","NULL"
"tianjin university","china","NULL"
"tianjin university of commerce","china","NULL"
"tianjin university of finance and economics","china","NULL"
"tianjin university of science and technology","china","NULL"
"tianjin university of technology","china","NULL"
"tongji university","china","NULL"
"tsinghua university","china","NULL"
"university of electronic science and technology of china","china","NULL"
"university of science and technology beijing","china","NULL"
"university of shanghai for science and technology","china","NULL"
"xi'an international studies university","china","NULL"
"xi'an jiaotong university","china","NULL"
"xiamen university","china","NULL"
"xidian university","china","NULL"
"capital university of economics and business","china","100026"
"china foreign affairs university","china","beijing"
"university of international business and economics","china","chaoyang district"
"xiamen university of technology","china","fujian province"
"shenzhen university","china","guandong province"
"guangdong pharmaceutical university","china","guangdong"
"guangdong university of business studies","china","guangdong province"
"guangdong university of foreign studies","china","guangdong province"
"jinan university","china","guangdong province"
"south china normal university","china","guangdong province"
"sun yat-sen university","china","guangdong province"
"heilongjiang international university","china","harbin"
"harbin engineering university","china","heilongjiang province"
"harbin institute of technology","china","heilongjiang province"
"northeast agricultural university","china","heilongjiang province"
"zhongnan university of economics and law","china","hubei"
"nanjing normal university","china","jiangsu province"
"nanjing university","china","jiangsu province"
"nanjing university of technology","china","jiangsu province"
"dalian maritime university","china","liaoning province"
"dalian university of technology","china","liaoning province"
"northeastern university","china","liaoning province"
"shenyang agricultural university","china","liaoning province"
"northwest agricultural and forestry university","china","shaanxi"
"northwestern polytechnical university","china","shaanxi province"
"xi'an eurasia university","china","shan'xi province"
"fudan university","china","shanghai"
"shanghai dianji university","china","shanghai"
"shanghai university of political science and law","china","shanghai"
"shanghai university of sport","china","shanghai"
"zhejiang wanli university","china","zhejiang"
"hangzhou dianzi university","china","zhejiang province"
"university of nottingham ningbo china","china","zhejiang province"
"zhejiang gongshang university","china","zhejiang province"
"zhejiang university","china","zhejiang province"
"6th of october university","egypt","NULL"
"alexandria university","egypt","NULL"
"arab academy for science technology and maritime transport","egypt","NULL"
"arab academy for science technology and maritime transportation","egypt","NULL"
"azhar university for girls","egypt","NULL"
"beni sueif university","egypt","NULL"
"cairo higher institute","egypt","NULL"
"delta university","egypt","NULL"
"future university in egypt","egypt","NULL"
"helwan-bussiness information systems","egypt","NULL"
"higher technological institute","egypt","NULL"
"kafr el sheikh university","egypt","NULL"
"menya university","egypt","NULL"
"misr university for science & technology","egypt","NULL"
"pharos university","egypt","NULL"
"port said university","egypt","NULL"
"south valley university","egypt","NULL"
"suez canal university","egypt","NULL"
"suez canal university","egypt","NULL"
"ain shams university","egypt","NULL"
"assiut university","egypt","NULL"
"british university in egypt (bue)","egypt","NULL"
"cairo university","egypt","NULL"
"canadian international college (cic)","egypt","NULL"
"fayoum university","egypt","NULL"
"french university in egypt (ufe)","egypt","NULL"
"german university in cairo (guc)","egypt","NULL"
"helwan university","egypt","NULL"
"mansoura university","egypt","NULL"
"modern science and arts university","egypt","NULL"
"sohag university","egypt","NULL"
"the american university in cairo (auc)","egypt","NULL"
"university of tanta","egypt","NULL"
"zagazig university: sharkia","egypt","NULL"
"minufiya university","egypt","minufiya"
"ece inseec business schools","france","NULL"
"ecole centrale de nantes (ecn)","france","NULL"
"ecole internationale de commerce et développement 3a","france","NULL"
"essca school of management","france","NULL"
"estp","france","NULL"
"euromed marseille -ecole superieure de commerce de marseille-provence","france","NULL"
"groupe esc troyes","france","NULL"
"iae gustave eiffel","france","NULL"
"iep paris","france","NULL"
"la rochelle school of management","france","NULL"
"management school of strasbourg","france","NULL"
"paritech - arts school","france","NULL"
"paritech - national school of electronic","france","NULL"
"paritech - umpc","france","NULL"
"reims management school","france","NULL"
"thes mines of nantes","france","NULL"
"university west paris of nanterre","france","NULL"
"audencia school of management nantes (audencia nantes)","france","NULL"
"esce international school of business","france","NULL"
"escp-eap european school of management","france","NULL"
"esdes lyon school of management","france","NULL"
"essec business school paris","france","NULL"
"gem grenoble school of management","france","NULL"
"iep lille institute of  political science","france","NULL"
"ieseg school of management","france","NULL"
"niort university","france","NULL"
"rouen business school","france","NULL"
"sciences po - institut of sciences and politics (sciences po - paris)","france","NULL"
"supelec engineering school","france","NULL"
"university of nantes","france","NULL"
"university of versailles saint-quentin en yvelines","france","NULL"
"aschaffenburg university of applied sciences","germany","NULL"
"brandenburg university of technology cottbus","germany","NULL"
"cologne business school","germany","NULL"
"cologne university of applied sciences","germany","NULL"
"free university of berlin","germany","NULL"
"justus-liebig university giessen","germany","NULL"
"karlshochschule international university","germany","NULL"
"leuphana university of lueneburg","germany","NULL"
"reutlingen university","germany","NULL"
"ruhr-university bochum","germany","NULL"
"technical university braunschweig","germany","NULL"
"technical university darmstadt","germany","NULL"
"university of applied sciences landshut","germany","NULL"
"university of applied sciences rosenheim","germany","NULL"
"university of bremen","germany","NULL"
"university of hannover","germany","NULL"
"university of heidelberg","germany","NULL"
"university of karlsruhe","germany","NULL"
"bielefeld university","germany","NULL"
"bochum university of applied sciences","germany","NULL"
"brandenburg university of applied sciences","germany","NULL"
"humboldt university berlin","germany","NULL"
"otto-von-guericke university of magdeburg","germany","NULL"
"technische universität muenchen","germany","NULL"
"university of cologne","germany","NULL"
"university of duisburg-essen duisburg campus","germany","NULL"
"university of hamburg","germany","NULL"
"university of hohenheim","germany","NULL"
"university of mannheim","germany","NULL"
"university of passau","germany","NULL"
"university of regensburg","germany","NULL"
"university of technology bergakademie freiberg","germany","NULL"
"university of wuppertal","germany","NULL"
"westphalian wilhelms university of muenster","germany","NULL"
"catholic university college","ghana","NULL"
"ghana christian university college","ghana","NULL"
"ipmc school of technologylabone","ghana","NULL"
"koforidua polytechnic","ghana","NULL"
"sunyani polytechnic","ghana","NULL"
"tamale polytechnic","ghana","NULL"
"university college of management studieskumasi","ghana","NULL"
"university of development studies","ghana","NULL"
"accra polytechnic","ghana","NULL"
"ashesi university","ghana","NULL"
"central university college","ghana","NULL"
"ghana institute of journalism","ghana","NULL"
"ho polytechnic","ghana","NULL"
"institute of professional studies","ghana","NULL"
"kwame nkrumah university of science and technology kumasi","ghana","NULL"
"methodist university college of ghana","ghana","NULL"
"pentecost university college","ghana","NULL"
"regent university college of  science and technology","ghana","NULL"
"takoradi polytechnic","ghana","NULL"
"university college of management studiesaccra","ghana","NULL"
"university of cape coast","ghana","NULL"
"university of ghana","ghana","NULL"
"wisconsin university","ghana","NULL"
"universidad del valle de guatemala campus sur(uvg campus sur)","guatemala","NULL"
"universidad mariano galvez (umg)","guatemala","NULL"
"universidad de san carlos de guatemala (usac)","guatemala","NULL"
"universidad del istmo","guatemala","NULL"
"universidad del valle de guatemala(uvg)","guatemala","NULL"
"universidad del valle de guatemala altiplano (uvg altiplano)","guatemala","NULL"
"universidad francisco marroquín(ufm)","guatemala","NULL"
"universidad rafael landivar (url)","guatemala","NULL"
"aarupadai veedu institute of technology","india","NULL"
"acharya college of engineering technology","india","NULL"
"army institute of management","india","NULL"
"d.y. patil university - dept. of business management","india","NULL"
"delhi school of economics","india","NULL"
"delhi technological university","india","NULL"
"indian institute of technology kanpur","india","NULL"
"indian institute of technology ropar","india","NULL"
"jansons school of business","india","NULL"
"miranda house","india","NULL"
"n.m.college of commerce and economics","india","NULL"
"oriental institute of science & technology","india","NULL"
"rajalakshmi institute of technology","india","NULL"
"ramjas college","india","NULL"
"rv college of engineering","india","NULL"
"shaheed bhagat singh college","india","NULL"
"sri guru gobind singh college of commerce","india","NULL"
"sydenham institute of management studies research & entrepreneurship education (simsree)","india","NULL"
"tirpude institute of management education","india","NULL"
"united world school of business mumbai","india","NULL"
"university institute of chemical engineering & technology","india","NULL"
"amity university","india","NULL"
"anna adarsh college for women","india","NULL"
"dg vaishnav college","india","NULL"
"dr. mgr janaki college of arts and science for women","india","NULL"
"ethiraj college for women","india","NULL"
"faculty of management studies (fms)","india","NULL"
"gitam institute of technology(git).","india","NULL"
"indus world school of business","india","NULL"
"institute of management technology ghaziabad","india","NULL"
"jesus and mary college","india","NULL"
"jis college - west bengal university of technology","india","NULL"
"k.j. somaiya institute of management studies and research (simsr)","india","NULL"
"loyola college","india","NULL"
"m.m.k. college of commerce and economics","india","NULL"
"madras christian college","india","NULL"
"madras school of social work","india","NULL"
"malaviya national institute of technology","india","NULL"
"narsee monjee institute of management studies (nmims)","india","NULL"
"national institute of industrial engineering (nitie)","india","NULL"
"nirma university: institute of management","india","NULL"
"rajalakshmi engineering college","india","NULL"
"s.d.n.b. vaishnav college for women","india","NULL"
"s.p. jain institute of management and research","india","NULL"
"shri andal alagar college of engineering","india","NULL"
"shri ram college of commerce (srcc)","india","NULL"
"soka ikeda college for women","india","NULL"
"srm institute of management studies","india","NULL"
"symbiosis institute of business management (sibm)","india","NULL"
"welingkar institute of management development and research","india","NULL"
"velammal institute of technology","india","chennai"
"lady shri ram college","india","delhi"
"shaheed sukhdev college of business studies","india","delhi"
"christ university","india","karnataka"
"jain university - school of commerce and management ( ju scms)","india","karnataka"
"seshadripuram first grade college","india","karnataka"
"st. joseph’s college of commerce","india","karnataka"
"h.r. college of commerce and economics","india","maharashtra"
"ies mcrc","india","maharashtra"
"m l dahanukar college of commerce","india","maharashtra"
"symbiosis institute of operations management","india","maharashtra"
"wilson college","india","maharashtra"
"indian institute of technology delhi","india","new delhi"
"netaji subhas institute of technology","india","new delhi"
"kiss - kiit","india","orissa"
"gitam institute of management","india","rushikonda"
"d.r.b.c.c.c. hindu college","india","tamil nadu"
"shankarlal sundarbai shasun jain college for women","india","tamil nadu"
"skr engineering college","india","tamil nadu"
"stella maris college","india","tamil nadu"
"alpha college of engineering","india","tamilnadu"
"dublin city university","ireland","NULL"
"national university of ireland galway","ireland","NULL"
"trinity college dublin","ireland","NULL"
"university college dublin","ireland","NULL"
"okinawa international university","japan","NULL"
"okinawa university","japan","NULL"
"osaka university of commerce","japan","NULL"
"university of the ryukyus","japan","NULL"
"the university of aizu","japan","fukushima"
"kwansei gakuin university","japan","hyogo"
"kyoto university","japan","kyoto"
"keio university","japan","minato-ku"
"shiga university hikone","japan","shiga"
"the university of shiga prefecture","japan","shiga"
"waseda university","japan","shinjuku-ku"
"takasaki city university of economics","japan","takasaki-shi"
"toyo university","japan","tokyo"
"central asia university","kazakhstan","NULL"
"karaganda state technical university","kazakhstan","NULL"
"karaganda state university named after e. a. buketov","kazakhstan","NULL"
"kazakh  national agrarian university","kazakhstan","NULL"
"kazakh  national university named after al-farabi","kazakhstan","NULL"
"kazakh american free university","kazakhstan","NULL"
"kazakh national technical university named after k. i. satpaev","kazakhstan","NULL"
"kazakh-british technical university","kazakhstan","NULL"
"central kazakhstan university mgti-lingua  institute of language and translation lingua","kazakhstan","NULL"
"eurasian national university named after l.n. gumilev","kazakhstan","NULL"
"international academy of business (iab)","kazakhstan","NULL"
"kazakhstan institute of management economics and strategic research (kimep)","kazakhstan","NULL"
"suleyman demirel university almaty","kazakhstan","NULL"
"taraz state university","kazakhstan","NULL"
"turan university","kazakhstan","NULL"
"university of international business (uib)","kazakhstan","NULL"
"egerton nakuru campus","kenya","NULL"
"narok university college","kenya","NULL"
"africa nazarene university","kenya","NULL"
"catholic university of eastern africa","kenya","NULL"
"egerton university","kenya","NULL"
"jomo kenyatta university of agriculture and technology","kenya","NULL"
"kabarak university","kenya","NULL"
"maseno university","kenya","NULL"
"masinde muliro university of science and technology","kenya","NULL"
"moi university","kenya","NULL"
"st. paul's university","kenya","NULL"
"strathmore university","kenya","NULL"
"united states international university","kenya","NULL"
"university of nairobi","kenya","NULL"
"chungnam national university","korea","NULL"
"dankook university","korea","NULL"
"dongguk university","korea","NULL"
"hanbat national university","korea","NULL"
"hankuk university of foreign studies","korea","NULL"
"hanyang university","korea","NULL"
"inha university","korea","NULL"
"kyonggi university","korea","NULL"
"myongji university","korea","NULL"
"seoul national university of science&technology","korea","NULL"
"soongsil university","korea","NULL"
"suwon university","korea","NULL"
"the catholic university of korea","korea","NULL"
"ulsan national institute of science and technology (unist)","korea","NULL"
"university of seoul","korea","NULL"
"chung-ang university","korea","NULL"
"ewha womans university","korea","NULL"
"hongik university","korea","NULL"
"konkuk university","korea","NULL"
"korea advanced institute of science and technology (kaist)","korea","NULL"
"korea university","korea","NULL"
"kyung hee university","korea","NULL"
"kyungwon university","korea","NULL"
"sejong university","korea","NULL"
"seoul national university","korea","NULL"
"seoul women's university","korea","NULL"
"sogang university","korea","NULL"
"sungkyunkwan university","korea","NULL"
"yonsei university","korea","NULL"
"kangwon national university","korea","gangwon-do"
"bishkek financial and economic college","kyrgyzstan","NULL"
"institute for integration of international educational programs","kyrgyzstan","NULL"
"institute of new information technologies","kyrgyzstan","NULL"
"international university of central asia","kyrgyzstan","NULL"
"academy of management under the president of the kyrgyz republic","kyrgyzstan","NULL"
"american university - central asia","kyrgyzstan","NULL"
"bishkek academy of finance and economics","kyrgyzstan","NULL"
"international university of kyrgyzstan","kyrgyzstan","NULL"
"kyrgyz state juridical academy","kyrgyzstan","NULL"
"kyrgyz-russian slavic university","kyrgyzstan","NULL"
"kyrgyz-turkish manas university","kyrgyzstan","NULL"
"osh state university","kyrgyzstan","NULL"
"osh technological university","kyrgyzstan","NULL"
"university of friendship of nations","kyrgyzstan","NULL"
"kuala lumpur metropolitan university college","malaysia","NULL"
"multimedia university: melaka branch (mmu)","malaysia","NULL"
"sunway university college","malaysia","NULL"
"taylor's university college","malaysia","NULL"
"tunku abdul rahman college (tarc)","malaysia","NULL"
"twintech international university","malaysia","NULL"
"university of malaysia perlis (unimap)","malaysia","NULL"
"university of malaysia kelantan (umk)","malaysia","NULL"
"university of sultan zainal abidin (unisza)","malaysia","NULL"
"university of technology mara: pulau pinang branch","malaysia","NULL"
"university of technology mara: sabah branch","malaysia","NULL"
"university of technology mara: sarawak branch","malaysia","NULL"
"malaya university (um)","malaysia","NULL"
"university of technology petronas (utp)","malaysia","NULL"
"tun hussein onn university of technology malaysia (uthm)","malaysia","johor"
"university of technology malaysia (utm)","malaysia","johor"
"northern university of malaysia (uum)","malaysia","kedah"
"malaysia technical university malacca (utem)","malaysia","melaka"
"university of kuala lumpur institute of chemical & bioengineering technology malaysia (micet unikl)","malaysia","melaka"
"islamic science university of malaysia (usim)","malaysia","negeri sembilan"
"university of science malaysia (usm)","malaysia","penang"
"sultan idris university of education (upsi)","malaysia","perak"
"university of malaysia pahang (ump)","malaysia","perlis"
"university of malaysia sabah (ums)","malaysia","sabah"
"international islamic university of malaysia (iium)","malaysia","selangor"
"mara university of technology (uitm)","malaysia","selangor"
"multimedia university: cyberjaya (mmu)","malaysia","selangor"
"national university of malaysia (ukm)","malaysia","selangor"
"tenaga national university (uniten)","malaysia","selangor"
"the university of nottingham: malaysia campus","malaysia","selangor"
"university putra malaysia (upm)","malaysia","selangor"
"university tun abdul razak (unirazak)","malaysia","selangor darul ehsan"
"university of malaysia terengganu (umt)","malaysia","terengganu"
"anahuac university north campus","mexico","NULL"
"autonomous university of the state of mexico (uaem)","mexico","NULL"
"banking and commercial school tlalnepantla campus (ebc)","mexico","NULL"
"college of mexico (colmex)","mexico","NULL"
"metropolitan autonomous university (uam)","mexico","NULL"
"mexican valley university guadalajara south campus (uvm guadalajara sur)","mexico","NULL"
"mexican valley university lomas verdes campus (uvm lomas verdes)","mexico","NULL"
"montermorelos university","mexico","NULL"
"monterrey institute of technology and higher studies puebla campus (itesm puebla)","mexico","NULL"
"national autonomous university of mexico (unam)","mexico","NULL"
"national politechnic institute (ipn)","mexico","NULL"
"technological university of the mixteca (utm)","mexico","NULL"
"university of guadalajara los valles university center (cu valles)","mexico","NULL"
"monterrey institute of technology and higher studies mexico city campus (itesm mexico city)","mexico","NULL"
"southeastern regional university (urse)","mexico","NULL"
"university of the atemajac valley (univa)","mexico","NULL"
"western institute of technology and higher studies (iteso)","mexico","NULL"
"monterrey institute of technology and higher studies saltillo campus (itesm saltillo)","mexico","coah."
"antonio narro autonomous agricultural university (uaaan)","mexico","coahuila"
"panamerican university mexico campus (up mexico city)","mexico","d.f."
"monterrey institute of technology and higher studies toluca campus (itesm toluca)","mexico","estado de méxico"
"panamerican university guadalajara campus (up guadalajara)","mexico","jalisco"
"university of guadalajara (u de g)","mexico","jalisco"
"monterrey institute of technology and higher studies monterrey campus (itesm monterrey)","mexico","nuevo leon"
"university of monterrey (udem)","mexico","nuevo león"
"university of the north (u del n)","mexico","nuevo león"
"jose vasconcelos university (univas)","mexico","oaxaca"
"popular autonomous university of the state of puebla (upaep)","mexico","puebla"
"monterrey institute of technology and higher studies queretaro campus (itesm queretaro)","mexico","queretaro"
"sonora institute of technology (itson)","mexico","sonora"
"comsup","morocco","NULL"
"ecole superieure internationale de gestion casablanca (esig)","morocco","NULL"
"faculty of medicine and pharmacy of casablanca (fmpc)","morocco","NULL"
"faculty of technology of settat","morocco","NULL"
"higher institute of marine fisheries (ispm)","morocco","NULL"
"higher school of textile and clothing industries (esith)","morocco","NULL"
"mohammed vi international academy of civil aviation (aiac)","morocco","NULL"
"mundiapolis","morocco","NULL"
"national institute of statistics and applied economics (insea)","morocco","NULL"
"national school of agriculture of meknes (enam)","morocco","NULL"
"national school of applied science (ensa agadir)","morocco","NULL"
"national school of applied science of el jadida (ensa el jadida)","morocco","NULL"
"national school of applied science of fez (ensa fès)","morocco","NULL"
"national school of applied science of hoceima","morocco","NULL"
"national school of architects (ena)","morocco","NULL"
"national school of commerce and management of el jadida (encg el jadida)","morocco","NULL"
"national school of commerce and management of fez (encg fès)","morocco","NULL"
"national school of commerce and management (encg casablanca)","morocco","NULL"
"national school of commerce and management oujda - mohammed i - university (encg oujda)","morocco","NULL"
"national school of commerce and management-kenitra- ibntoufail university (encg-kenitra)","morocco","NULL"
"national school of sciences of khouribga","morocco","NULL"
"national school of sciences of meknes","morocco","NULL"
"school of information science (esi)","morocco","NULL"
"sciences faculty of rabat (fsr)","morocco","NULL"
"faculty of law economics and social sciences of settat (fsjes settat)","morocco","NULL"
"hassan ii agronomic and veterinary institute (iav hassan ii)","morocco","NULL"
"hassan ii university mohammedia (uhii-mohammedia)","morocco","NULL"
"hassania school of public affairs (ehtp)","morocco","NULL"
"higher school of commerce and business (esca)","morocco","NULL"
"institute of higher studies in management casablanca (hem)","morocco","NULL"
"international institute for higher education in morocco (iihem)","morocco","NULL"
"mohammadia school of ingineers (emi)","morocco","NULL"
"moroccan school of engineering sciences casablanca (emsi)","morocco","NULL"
"national institute posts and telecommunications (inpt)","morocco","NULL"
"national school of commerce and management agadir - ibn zohr university","morocco","NULL"
"national school of computer science and system analysis (ensias)","morocco","NULL"
"national school of mining industries","morocco","NULL"
"school of higher studies in commerce rabat (hec)","morocco","NULL"
"delft university of technology","netherlands","NULL"
"fontys university of applied sciences eindhoven","netherlands","NULL"
"maastricht university","netherlands","NULL"
"nijenrode amsterdam new business school","netherlands","NULL"
"the hague university of applied sciences","netherlands","NULL"
"university college utrecht","netherlands","NULL"
"erasmus university rotterdam","netherlands","NULL"
"stenden university emmen","netherlands","NULL"
"stenden university leeuwarden","netherlands","NULL"
"university of groningen","netherlands","NULL"
"utrecht university","netherlands","NULL"
"vu university amsterdam","netherlands","NULL"
"wageningen university and research centre","netherlands","NULL"
"university of amsterdam","netherlands","1012 wx"
"leiden university","netherlands","2300 ra"
"tilburg university","netherlands","5000 le"
"massey university: palmerston north campus","new zealand","NULL"
"auckland university of technology","new zealand","NULL"
"the university of waikato","new zealand","NULL"
"adekunle ajasin university","nigeria","NULL"
"ajayi crowther university","nigeria","NULL"
"american university of nigeria","nigeria","NULL"
"babcock university","nigeria","NULL"
"benue state university","nigeria","NULL"
"federal polytechnic mubi","nigeria","NULL"
"federal polytechnic oko","nigeria","NULL"
"federal university of technology akure","nigeria","NULL"
"niger delta university","nigeria","NULL"
"university of benin","nigeria","NULL"
"university of calabar","nigeria","NULL"
"university of ilorin","nigeria","NULL"
"university of jos","nigeria","NULL"
"usmanu danfodiyo university sokoto","nigeria","NULL"
"yaba college of technology","nigeria","NULL"
"university of ibadan","nigeria","NULL"
"abia state university","nigeria","abia"
"university of uyo","nigeria","akwa ibom state"
"nnamdi azikiwe university","nigeria","anambra"
"university of agriculture makurdi","nigeria","benue state"
"university of ado-ekiti","nigeria","ekiti state"
"enugu state university of science and technology","nigeria","enugu state"
"university of nigeria enugu campus","nigeria","enugu state"
"university of nigeria nsukka","nigeria","enugu state"
"university of abuja","nigeria","federal capital territory"
"federal polytechnic nekede","nigeria","imo state"
"federal university of technology owerri","nigeria","imo state"
"kaduna polytechnic","nigeria","kaduna state"
"bayero university","nigeria","kano state"
"federal polytechnic idah","nigeria","kogi state"
"kogi state university","nigeria","kogi state"
"federal polytechnic offa","nigeria","kwara state"
"university of lagos","nigeria","lagos state"
"olabisi onabanjo university","nigeria","ogun"
"tai solarin university of education","nigeria","ogun"
"ahmadu bello university","nigeria","ondo state state"
"obafemi awolowo university","nigeria","osun state"
"university of port harcourt","nigeria","rivers state"
"adamson university manila","philippines","NULL"
"nueva vizcaya state university","philippines","NULL"
"saint michael college of laguna","philippines","NULL"
"aklan state university: ibajay campus","philippines","NULL"
"philippine women university","philippines","NULL"
"polytechnic university of the philippines","philippines","NULL"
"sultan kudarat  state university: access campus","philippines","NULL"
"sultan kudarat state university: isulan","philippines","NULL"
"sultan kudarat state university: tacurong campus","philippines","NULL"
"university of antique","philippines","antique"
"sti college tanauan","philippines","batangas"
"baliuag university","philippines","bulacan"
"de la salle university - dasmarinas (dlsu-d)","philippines","cavite"
"university of san carlos","philippines","cebu"
"mariano marcos state university","philippines","ilocos norte"
"saint louis college of san fernando city","philippines","la union"
"university of santo tomas","philippines","manila"
"la consolacion college manila","philippines","metro manila"
"technological institute of the philippines quezon city","philippines","metro manila"
"central luzon state university","philippines","nueva ecija"
"divine word college of calapan","philippines","oriental mindoro"
"lyceum northwestern university dagupan","philippines","pangasinan"
"pangasinan state university bayambang","philippines","pangasinan"
"university of luzon dagupan","philippines","pangasinan"
"sultan kudarat state university: glan campus","philippines","sarangani"
"holy trinity college of general santos city","philippines","south cotabato"
"de la salle university lipa","philippines","southern tagalo"
"columban college olongapo city","philippines","zambales"
"agh university of science and technology","poland","NULL"
"jagiellonian university in krakow","poland","NULL"
"lodz university","poland","NULL"
"technical university of lodz","poland","NULL"
"warsaw university of life sciences","poland","NULL"
"wyzsza szkola biznesu - national louis university w nowym saczu","poland","NULL"
"poznan university of mangement and banking","poland","NULL"
"poznan university of technology","poland","NULL"
"university of gdansk","poland","NULL"
"warsaw university","poland","NULL"
"polytechnic university of puerto rico","puerto rico","NULL"
"pontifical catholic university of puerto rico","puerto rico","NULL"
"humacao community college","puerto rico","puerto rico"
"interamerican university fajardo campus","puerto rico","puerto rico"
"national university college","puerto rico","puerto rico"
"sacred heart university","puerto rico","puerto rico"
"university of puerto rico carolina campus","puerto rico","puerto rico"
"university of puerto rico ponce campus","puerto rico","puerto rico"
"university of puerto rico bayamon","puerto rico","puerto rico"
"university of puerto rico: humacao campus","puerto rico","puerto rico"
"university of puerto rico: mayaguez campus","puerto rico","puerto rico"
"university of the east","puerto rico","puerto rico"
"sterlitamak pedagogical college","russia","NULL"
"academy of labor and social relations krasnoyarsk affiliate","russia","NULL"
"bashkir state agrarian university","russia","NULL"
"bashkir state agrarian university zauralsky affiliate","russia","NULL"
"bashkir state pedagogical  university","russia","NULL"
"bashkir state university","russia","NULL"
"bashkir state university  neftekamsk affiliate","russia","NULL"
"bashkir state university sterlitamak institute","russia","NULL"
"bashkir state university uchaly affiliate","russia","NULL"
"blagoveshchensk pedagogical college","russia","NULL"
"budget and treasury academy of the ministry of finance of the russian federation omsk affiliate","russia","NULL"
"cheboksary electrotechnical school of communication","russia","NULL"
"chelyabinsk institute of economics and law by m.v. ladoshin","russia","NULL"
"chelyabinsk state academy of culture and art","russia","NULL"
"chuvashian state pedagogical university by yakovlev","russia","NULL"
"college of professional technologies","russia","NULL"
"college of trade economy and service","russia","NULL"
"eastern  humanitarian academy of economics and law","russia","NULL"
"french russian institute of business administration","russia","NULL"
"higher school of economy affiliate perm","russia","NULL"
"institute of economics and finance","russia","NULL"
"krasnodar state university of technology","russia","NULL"
"krasnoyarsk  state agrarian university","russia","NULL"
"krasnoyarsk state aerospace university","russia","NULL"
"krasnoyarsk state institute of trade and economics","russia","NULL"
"krasnoyarsk state pedagogical university by v.p. astafyev","russia","NULL"
"kuban state university","russia","NULL"
"kuban state university of physical training sport and tourism","russia","NULL"
"kumertau mining college","russia","NULL"
"kursk institute of management economics and business","russia","NULL"
"kursk state agricultural academy","russia","NULL"
"kursk technical school of economy and law","russia","NULL"
"kuzbass state technical university novokuznetsk affiliate","russia","NULL"
"maykop state technological university","russia","NULL"
"moscow state region social humanitarian institute","russia","NULL"
"moscow state university of economics statistics and information krasnoyarsk affiliate","russia","NULL"
"moscow state university of technology and management meleuz affiliate","russia","NULL"
"nizhniy tagil mining and metallurgical college","russia","NULL"
"novosibirsk  state agrarian university","russia","NULL"
"novosibirsk state university","russia","NULL"
"omsk art-industrial college","russia","NULL"
"omsk institute of water transport (branch) fsei hpe  novosibirsk state academy of water transport","russia","NULL"
"omsk motor transportation college","russia","NULL"
"omsk state agrarian university tara affiliate","russia","NULL"
"omsk state institute of service","russia","NULL"
"omsk state pedagogical university","russia","NULL"
"omsk state technical university","russia","NULL"
"omsk state university by f.m. dostoevsky","russia","NULL"
"orenburg state university kumertay affiliate","russia","NULL"
"perm state medical academy","russia","NULL"
"perm state pedagogical university","russia","NULL"
"perm state pharmaceutical academy","russia","NULL"
"perm state technical institute","russia","NULL"
"perm state university","russia","NULL"
"rostov institute of the administration business and law","russia","NULL"
"russian customs academy saint-peterburg branch named after v.b.bobkov","russia","NULL"
"russian state social university affiliate cheboksary","russia","NULL"
"russian state social university affiliate ufa","russia","NULL"
"russian state university of tourism and service affiliate perm","russia","NULL"
"saint petersburg state agrarian university","russia","NULL"
"saint petersburg state engineering institute","russia","NULL"
"saint petersburg state university of film and television","russia","NULL"
"saint-petersburg state university of economics and finance","russia","NULL"
"sibaisky institute of bashkirian state university","russia","NULL"
"siberian academy of public administration","russia","NULL"
"siberian academy of state service","russia","NULL"
"siberian federal architecture and building institute","russia","NULL"
"siberian federal university","russia","NULL"
"siberian professional-pedagogical college","russia","NULL"
"siberian regional business school","russia","NULL"
"siberian state automobile and highway academy","russia","NULL"
"siberian state industrial university","russia","NULL"
"siberian state technological  university","russia","NULL"
"siberian state university of telecommunication and information","russia","NULL"
"siberian state university achinsk affiliate","russia","NULL"
"south ural state technical college","russia","NULL"
"southern federal university","russia","NULL"
"state university of management","russia","NULL"
"state university of management obninsk affiliate","russia","NULL"
"tomsk institute of business","russia","NULL"
"tomsk polytechnic university","russia","NULL"
"tomsk state pedagogical university","russia","NULL"
"tomsk state university","russia","NULL"
"tula state university","russia","NULL"
"ufa college of dress design and technology","russia","NULL"
"ufa state academy of service","russia","NULL"
"ufa trade and economic college","russia","NULL"
"ural academy of state service chelyabinsk affiliate","russia","NULL"
"ural institute of the economy of management and law","russia","NULL"
"ural state university of economics","russia","NULL"
"ural state university of economics kamensk- ural affiliate","russia","NULL"
"kemerovo state university novokuznetsk affiliate","russia","kemerovo region"
"kuzbass state pedagogical academy","russia","kemerovskaja oblast"
"afi/university of enterprise","senegal","NULL"
"african center of higher studies in management","senegal","NULL"
"dakar bourguiba university","senegal","NULL"
"free university of dakar","senegal","NULL"
"higher school of commerce and management","senegal","NULL"
"school of the foreign trade communication and business (eticca)","senegal","NULL"
"technical institute of commerce","senegal","NULL"
"university of bambey","senegal","NULL"
"university of thiès","senegal","NULL"
"african institute of management","senegal","NULL"
"business school of management dakar (sup de co)","senegal","NULL"
"suffolk university dakar","senegal","NULL"
"university cheikh anta diop (ucad)","senegal","NULL"
"university of ziguinchor","senegal","NULL"
"nanyang technological university","singapore","NULL"
"national university of singapore","singapore","NULL"
"ngee ann polytechnic","singapore","NULL"
"republic polytechnic","singapore","NULL"
"singapore management university","singapore","NULL"
"singapore polytechnic","singapore","NULL"
"temasek polytechnic","singapore","NULL"
"durban university of technology","south africa","NULL"
"monash south africa","south africa","NULL"
"tsiba education","south africa","NULL"
"university of pretoria","south africa","NULL"
"university of zululand","south africa","NULL"
"mangosuthu university of technology","south africa","NULL"
"rhodes university","south africa","NULL"
"stenden university south africa","south africa","NULL"
"tshwane university of technology","south africa","NULL"
"university of cape town","south africa","NULL"
"university of venda","south africa","NULL"
"walter sisulu university","south africa","NULL"
"university of fort hare","south africa","eastern cape"
"central university of technology","south africa","free state"
"university of the free state","south africa","free state"
"cida city campus","south africa","gauteng"
"university of johannesburg","south africa","gauteng"
"university of the witwatersrand","south africa","gauteng"
"vaal university of technology","south africa","gauteng"
"university of kwazulu-natal","south africa","kwazulu natal"
"north-west university","south africa","north west"
"university of limpopo","south africa","sovenga"
"nelson mandela metropolitan university","south africa","summerstrand"
"cape peninsula university of technology","south africa","western cape"
"university of stellenbosch","south africa","western cape"
"university of the western cape","south africa","western cape"
"ngwane teacher training college","swaziland","NULL"
"william pitcher teacher training college","swaziland","NULL"
"gwamile vocational and commercial training institute (voctim)","swaziland","NULL"
"nazarene college of education","swaziland","NULL"
"university of swaziland - kwaluseni","swaziland","NULL"
"university of swaziland - luyengo","swaziland","NULL"
"technological university of tajikistan dushanbe","tajikistan","NULL"
"the branch of moscow state university","tajikistan","NULL"
"institute of economy and trade of tajik state university of commerce","tajikistan","NULL"
"institute of entrepreneurship and service","tajikistan","NULL"
"khujand state university named after b. gafurov","tajikistan","NULL"
"tajik state national university","tajikistan","NULL"
"tajik state university of commerce dushanbe","tajikistan","NULL"
"tajik state university of law business and policy","tajikistan","NULL"
"tajik technical university named after m. osimi dushanbe","tajikistan","NULL"
"chaiyaphum rajabhat university","thailand","NULL"
"christian college","thailand","NULL"
"kasetsart university chalermphrakiat sakon nakhon campus","thailand","NULL"
"king mongkut's institute of technology ladkrabang","thailand","NULL"
"lampang inter-tech college","thailand","NULL"
"mahidol university salaya campus","thailand","NULL"
"nakhon si thammarat rajabhat university","thailand","NULL"
"naresuan university","thailand","NULL"
"nation university","thailand","NULL"
"north chiang mai university","thailand","NULL"
"prince of sonkla university: trang campus","thailand","NULL"
"rajamangala university of technology isan sakon nakhon campus","thailand","NULL"
"rajamangala university of technology lanna chiang mai","thailand","NULL"
"rajamangala university of technology thanyaburi","thailand","NULL"
"rajamangkala university of technology phra nakorn","thailand","NULL"
"rajaphat suratthani university","thailand","NULL"
"rangsit university","thailand","NULL"
"ratchapruek college","thailand","NULL"
"royal police cadet academy","thailand","NULL"
"sakon nakhon rajabhat university","thailand","NULL"
"siam university","thailand","NULL"
"sisaket rajabhat university","thailand","NULL"
"vongchavalitkul university","thailand","NULL"
"yala islamic university","thailand","NULL"
"yala rajabhat university","thailand","NULL"
"assumption university","thailand","NULL"
"chiang mai university","thailand","NULL"
"chulachomklao royal military academy","thailand","NULL"
"chulalongkorn university","thailand","NULL"
"hat yai university city college","thailand","NULL"
"kasetsart university","thailand","NULL"
"khon kaen university","thailand","NULL"
"king mongkut's university of technology thonburi","thailand","NULL"
"mae fah luang university","thailand","NULL"
"mahasarakham university","thailand","NULL"
"prince of songkla university: hat yai campus","thailand","NULL"
"prince of songkla university: surat thani campus","thailand","NULL"
"rajamangala university of technology isarn","thailand","NULL"
"srinakharinwirot university prasarnmit campus","thailand","NULL"
"thammasat university","thailand","NULL"
"the far eastern university","thailand","NULL"
"ubon ratchathani university","thailand","NULL"
"walailak university","thailand","NULL"
"maejo university","thailand","chiang mai"
"higher institute of commerce and accountancy of bizerte","tunisia","NULL"
"higher institute of computer science of el manar","tunisia","NULL"
"higher school of commerce of tunis","tunisia","NULL"
"higher school of communication of tunis","tunisia","NULL"
"higher school of economic and business sciences of tunis","tunisia","NULL"
"higher school of enterprise administration and accountancy","tunisia","NULL"
"higher school of fine arts of tunis","tunisia","NULL"
"higher school of sciences and technic of tunis","tunisia","NULL"
"institute of higher commercial studies of carthage","tunisia","NULL"
"mediterranean school of business","tunisia","NULL"
"national engineering school of monastir","tunisia","NULL"
"national institute of applied sciences and technology","tunisia","NULL"
"time university","tunisia","NULL"
"tunisia polytechnic school","tunisia","NULL"
"black sea state university named after petro mohyla","ukraine","NULL"
"donetsk national technical university","ukraine","NULL"
"kharkiv national university named after v.karazin","ukraine","NULL"
"khmelnytsky national university","ukraine","NULL"
"national aviation university","ukraine","NULL"
"national university of kyiv-mohyla academy","ukraine","NULL"
"national university of pharmacy","ukraine","NULL"
"university krok","ukraine","NULL"
"chernivtsi national university named after yury fedkovich","ukraine","NULL"
"donetsk state academy of management","ukraine","NULL"
"ivan franko national university of lviv","ukraine","NULL"
"kharkiv institute of banking of the university of banking of the national bank of ukraine","ukraine","NULL"
"kyiv national economic university named after vadim getman","ukraine","NULL"
"kyiv national university named after taras shevchenko","ukraine","NULL"
"odessa national economic university","ukraine","NULL"
"odessa national university named after i.mechnikov","ukraine","NULL"
"sevastopol national technical university","ukraine","NULL"
"ukrainian engineering and pedagogical academy","ukraine","NULL"
"vinnytsya national technical university","ukraine","NULL"
"chernivtsi trade economics institute of the kyiv national trade economics university","ukraine","chernivtsi"
"bpp university college","united kingdom","NULL"
"leeds metroplitan university","united kingdom","NULL"
"london school of economics and political science u. of london","united kingdom","NULL"
"nottingham trent university","united kingdom","NULL"
"queen mary university of london","united kingdom","NULL"
"queens university belfast","united kingdom","NULL"
"school of oriental and african studies","united kingdom","NULL"
"university college london","united kingdom","NULL"
"university of bedfordshire","united kingdom","NULL"
"university of durham","united kingdom","NULL"
"university of essex","united kingdom","NULL"
"university of kent","united kingdom","NULL"
"university of leicester","united kingdom","NULL"
"university of oxford","united kingdom","NULL"
"university of plymouth","united kingdom","NULL"
"university of southampton","united kingdom","NULL"
"university of york","united kingdom","NULL"
"aston university birmingham","united kingdom","NULL"
"cardiff university","united kingdom","NULL"
"city university london","united kingdom","NULL"
"imperial college of science technology and medicine - university of london","united kingdom","NULL"
"king's college london","united kingdom","NULL"
"lancaster university","united kingdom","NULL"
"london metropolitan university","united kingdom","NULL"
"loughborough university","united kingdom","NULL"
"newcastle university","united kingdom","NULL"
"oxford brookes university","united kingdom","NULL"
"regent's college london","united kingdom","NULL"
"royal holloway university of london","united kingdom","NULL"
"southampton solent university","united kingdom","NULL"
"swansea university","united kingdom","NULL"
"university of bath","united kingdom","NULL"
"university of birmingham","united kingdom","NULL"
"university of bristol","united kingdom","NULL"
"university of cambridge","united kingdom","NULL"
"university of exeter","united kingdom","NULL"
"university of leeds","united kingdom","NULL"
"university of liverpool","united kingdom","NULL"
"university of manchester","united kingdom","NULL"
"university of nottingham","united kingdom","NULL"
"university of reading","united kingdom","NULL"
"university of salford","united kingdom","NULL"
"university of sheffield","united kingdom","NULL"
"university of strathclyde","united kingdom","NULL"
"university of surrey","united kingdom","NULL"
"university of sussex","united kingdom","NULL"
"university of the west of england (uwe)","united kingdom","NULL"
"university of warwick","united kingdom","NULL"
"university of alaska fairbanks","united states","ak"
"university of alaska southeast","united states","ak"
"alabama agricultural and mechanical university","united states","al"
"alabama state university","united states","al"
"auburn university","united states","al"
"bishop state community college","united states","al"
"jacksonville state university","united states","al"
"jefferson state community college","united states","al"
"lawson state community college","united states","al"
"miles college","united states","al"
"oakwood university","united states","al"
"samford university","united states","al"
"stillman college","united states","al"
"the university of alabama","united states","al"
"the university of west alabama","united states","al"
"university of mobile","united states","al"
"arkansas tech university","united states","ar"
"harding university main campus","united states","ar"
"john brown university","united states","ar"
"north arkansas college","united states","ar"
"northwest arkansas community college","united states","ar"
"ouachita baptist university","united states","ar"
"southern arkansas university","united states","ar"
"university of arkansas","united states","ar"
"university of central arkansas","united states","ar"
"university of the ozarks","united states","ar"
"arizona state university main","united states","az"
"arizona western college","united states","az"
"university of arizona","united states","az"
"azusa pacific university","united states","ca"
"bakersfield college","united states","ca"
"butte college","united states","ca"
"cal poly - pomona","united states","ca"
"cal poly - san luis obispo","united states","ca"
"california state university-bakersfield","united states","ca"
"california state university-chico","united states","ca"
"california state university-east bay","united states","ca"
"chapman university","united states","ca"
"concordia university - irvine","united states","ca"
"cosumnes river college","united states","ca"
"diablo valley college","united states","ca"
"feather river college","united states","ca"
"folsom lake college","united states","ca"
"hartnell college","united states","ca"
"la sierra university","united states","ca"
"mt. san antonio college","united states","ca"
"pacific union college","united states","ca"
"pepperdine university","united states","ca"
"reedley college","united states","ca"
"riverside community college - norco campus","united states","ca"
"san diego city college","united states","ca"
"san diego state university","united states","ca"
"san joaquin valley college inc.","united states","ca"
"santa barbara city college","united states","ca"
"university of california-davis","united states","ca"
"university of california-los angeles","united states","ca"
"university of california-merced","united states","ca"
"university of la verne","united states","ca"
"university of southern california","united states","ca"
"vanguard university of southern california","united states","ca"
"west hills community college-lemoore campus","united states","ca"
"whittier college","united states","ca"
"collegeamerica denver","united states","co"
"northeastern junior college","united states","co"
"university of northern colorado","united states","co"
"gateway community college - new haven ct","united states","ct"
"quinnipiac university","united states","ct"
"sacred heart university","united states","ct"
"george washington university","united states","dc"
"delaware state university","united states","de"
"wesley college","united states","de"
"bethune cookman university","united states","fl"
"eckerd college","united states","fl"
"flagler college","united states","fl"
"florida international university","united states","fl"
"florida state university","united states","fl"
"hillsborough community college","united states","fl"
"miami dade college","united states","fl"
"palm beach atlantic university","united states","fl"
"southeastern university - lakeland fl","united states","fl"
"university of central florida","united states","fl"
"university of florida","united states","fl"
"university of north florida","united states","fl"
"university of south florida","united states","fl"
"albany state university","united states","ga"
"atlanta metropolitan college","united states","ga"
"brenau university","united states","ga"
"columbus state university","united states","ga"
"emmanuel college - franklin springs ga","united states","ga"
"fort valley state university","united states","ga"
"gainesville state college","united states","ga"
"georgia southern university","united states","ga"
"georgia southwestern state university","united states","ga"
"georgia tech","united states","ga"
"kennesaw state university","united states","ga"
"lagrange college","united states","ga"
"north georgia college and state university","united states","ga"
"paine college","united states","ga"
"piedmont college","united states","ga"
"reinhardt university","united states","ga"
"savannah state university","united states","ga"
"shorter university","united states","ga"
"southern polytechnic state university","united states","ga"
"university of georgia","united states","ga"
"university of west georgia","united states","ga"
"valdosta state university","united states","ga"
"brigham young university - hawaii","united states","hi"
"chaminade university of honolulu","united states","hi"
"hawaii pacific university","united states","hi"
"remington college-hi","united states","hi"
"university of hawaii leeward community college","united states","hi"
"university of hawaii west o`ahu","united states","hi"
"aib college of business","united states","ia"
"briar cliff university","united states","ia"
"cornell college","united states","ia"
"drake university","united states","ia"
"graceland university","united states","ia"
"iowa state university","united states","ia"
"kirkwood community college","united states","ia"
"mount mercy university","united states","ia"
"simpson college","united states","ia"
"southwestern community college-ia","united states","ia"
"university of dubuque","united states","ia"
"university of iowa","united states","ia"
"university of northern iowa","united states","ia"
"northwest nazarene university","united states","id"
"bradley university","united states","il"
"carl sandburg college","united states","il"
"chicago state university","united states","il"
"illinois college","united states","il"
"loyola university chicago","united states","il"
"north central college","united states","il"
"olivet nazarene university","united states","il"
"quincy university","united states","il"
"robert morris university-il","united states","il"
"rock valley college","united states","il"
"university of chicago","united states","il"
"university of illinois at chicago","united states","il"
"university of illinois at urbana-champaign","united states","il"
"wilbur wright college","united states","il"
"anderson university - in","united states","in"
"bethel college - in","united states","in"
"indiana university at bloomington","united states","in"
"indiana university at south bend","united states","in"
"indiana university east","united states","in"
"indiana university kokomo","united states","in"
"indiana wesleyan university","united states","in"
"martin university","united states","in"
"saint joseph's college - in","united states","in"
"taylor university","united states","in"
"university of notre dame","united states","in"
"university of saint francis-in","united states","in"
"valparaiso university","united states","in"
"benedictine college","united states","ks"
"johnson county community college","united states","ks"
"kansas city kansas community college","united states","ks"
"kansas state university-manhattan","united states","ks"
"kansas state university-salina","united states","ks"
"pittsburg state university","united states","ks"
"seward county community college","united states","ks"
"university of kansas main campus","united states","ks"
"berea college","united states","ky"
"elizabethtown community and technical college","united states","ky"
"kentucky state university","united states","ky"
"lindsey wilson college","united states","ky"
"midway college","united states","ky"
"morehead state university","united states","ky"
"murray state university","united states","ky"
"northern kentucky university","united states","ky"
"western kentucky university","united states","ky"
"delgado community college","united states","la"
"dillard university","united states","la"
"louisiana state university and agricultural and mechanical college","united states","la"
"louisiana state university at eunice","united states","la"
"loyola university new orleans","united states","la"
"southern university at new orleans","united states","la"
"xavier university of louisiana","united states","la"
"boston college","united states","ma"
"merrimack college","united states","ma"
"stonehill college","united states","ma"
"university of massachusetts dartmouth","united states","ma"
"western new england university","united states","ma"
"worcester state university","united states","ma"
"loyola university maryland","united states","md"
"montgomery college - md","united states","md"
"mount st. mary's university","united states","md"
"stratford university - baltimore campus","united states","md"
"the community college of baltimore county","united states","md"
"towson university","united states","md"
"university of baltimore","united states","md"
"washington adventist university","united states","md"
"washington college","united states","md"
"maine maritime academy","united states","me"
"university of southern maine","united states","me"
"alma college","united states","mi"
"andrews university","united states","mi"
"aquinas college","united states","mi"
"baker college of flint","united states","mi"
"central michigan university","united states","mi"
"cornerstone university","united states","mi"
"hillsdale college","united states","mi"
"lake superior state university","united states","mi"
"northern michigan university","united states","mi"
"spring arbor university","united states","mi"
"university of michigan-dearborn","united states","mi"
"college of st. benedict and st. john's university","united states","mn"
"concordia college - moorhead mn","united states","mn"
"north central university","united states","mn"
"southwest minnesota state university","united states","mn"
"st. olaf college","united states","mn"
"university of minnesota crookston","united states","mn"
"university of st. thomas","united states","mn"
"central methodist university","united states","mo"
"college of the ozarks","united states","mo"
"columbia college - mo","united states","mo"
"crowder college","united states","mo"
"culver-stockton college","united states","mo"
"drury university","united states","mo"
"east central college","united states","mo"
"evangel university","united states","mo"
"harris-stowe state university","united states","mo"
"lincoln university - mo","united states","mo"
"missouri baptist university","united states","mo"
"missouri state university","united states","mo"
"missouri state university - west plains","united states","mo"
"missouri valley college","united states","mo"
"missouri western state university","united states","mo"
"northwest missouri state university","united states","mo"
"ozarks technical community college","united states","mo"
"rockhurst university","united states","mo"
"southwest baptist university","united states","mo"
"truman state university","united states","mo"
"university of central missouri","united states","mo"
"university of missouri-kansas city","united states","mo"
"webster university","united states","mo"
"william jewell college","united states","mo"
"alcorn state university","united states","ms"
"belhaven university","united states","ms"
"coahoma community college","united states","ms"
"itawamba community college","united states","ms"
"jackson state university","united states","ms"
"millsaps college","united states","ms"
"university of southern mississippi","united states","ms"
"carroll college","united states","mt"
"montana state university","united states","mt"
"montana state university-northern","united states","mt"
"rocky mountain college","united states","mt"
"university of great falls","united states","mt"
"barton college","united states","nc"
"bennett college","united states","nc"
"catawba valley community college","united states","nc"
"central piedmont community college","united states","nc"
"elizabeth city state university","united states","nc"
"elon university","united states","nc"
"fayetteville state university","united states","nc"
"gardner-webb university","united states","nc"
"greensboro college","united states","nc"
"high point university","united states","nc"
"livingstone college","united states","nc"
"methodist university","united states","nc"
"north carolina central university","united states","nc"
"saint augustine's college","united states","nc"
"university of north carolina at charlotte","united states","nc"
"university of north carolina at pembroke","united states","nc"
"wilkes community college","united states","nc"
"dickinson state university","united states","nd"
"concordia university - nebraska","united states","ne"
"southeast community college-ne","united states","ne"
"university of nebraska at kearney","united states","ne"
"university of nebraska-lincoln","united states","ne"
"wayne state college","united states","ne"
"colby-sawyer college","united states","nh"
"keene state college","united states","nh"
"university of new hampshire manchester","united states","nh"
"centenary college","united states","nj"
"monmouth university","united states","nj"
"ramapo college of new jersey","united states","nj"
"raritan valley community college","united states","nj"
"seton hall university","united states","nj"
"william paterson university of new jersey","united states","nj"
"new mexico state university dona ana community college","united states","nm"
"university of the southwest","united states","nm"
"truckee meadows community college","united states","nv"
"university of nevada reno","united states","nv"
"university of nevada-las vegas","united states","nv"
"binghamton university - suny","united states","ny"
"canisius college","united states","ny"
"college of saint rose","united states","ny"
"cuny borough of manhattan community college","united states","ny"
"cuny brooklyn college","united states","ny"
"d'youville college","united states","ny"
"elmira college","united states","ny"
"hilbert college","united states","ny"
"keuka college","united states","ny"
"medaille college","united states","ny"
"monroe college","united states","ny"
"pace university","united states","ny"
"roberts wesleyan college","united states","ny"
"siena college","united states","ny"
"st. bonaventure university","united states","ny"
"stony brook university","united states","ny"
"suny at fredonia","united states","ny"
"suny at new paltz","united states","ny"
"suny college at geneseo","united states","ny"
"suny college at plattsburgh","united states","ny"
"suny oswego","united states","ny"
"syracuse university","united states","ny"
"ashland university","united states","oh"
"baldwin-wallace college","united states","oh"
"brown mackie college - akron","united states","oh"
"cedarville university","united states","oh"
"college of mount saint joseph","united states","oh"
"defiance college","united states","oh"
"franciscan university of steubenville","united states","oh"
"franklin university","united states","oh"
"kent state university trumbull campus","united states","oh"
"lake erie college","united states","oh"
"lakeland community college","united states","oh"
"lorain county community college","united states","oh"
"malone university","united states","oh"
"mount vernon nazarene university","united states","oh"
"ohio northern university","united states","oh"
"the university of akron","united states","oh"
"the university of findlay","united states","oh"
"university of rio grande","united states","oh"
"university of toledo","united states","oh"
"youngstown state university","united states","oh"
"cameron university","united states","ok"
"carl albert state college","united states","ok"
"east central university","united states","ok"
"langston university","united states","ok"
"oklahoma baptist university","united states","ok"
"oklahoma city community college","united states","ok"
"oklahoma state university main campus","united states","ok"
"oral roberts university","united states","ok"
"redlands community college","united states","ok"
"rogers state university","united states","ok"
"southern nazarene university","united states","ok"
"st. gregory's university","united states","ok"
"university of central oklahoma","united states","ok"
"eastern oregon university","united states","or"
"oregon state university","united states","or"
"warner pacific college","united states","or"
"albright college","united states","pa"
"bloomsburg university of pennsylvania","united states","pa"
"bucks county community college","united states","pa"
"cabrini college","united states","pa"
"carnegie mellon university","united states","pa"
"delaware valley college","united states","pa"
"east stroudsburg university of pennsylvania","united states","pa"
"eastern university","united states","pa"
"elizabethtown college","united states","pa"
"immaculata university","united states","pa"
"keystone college","united states","pa"
"kutztown university of pennsylvania","united states","pa"
"la salle university","united states","pa"
"lincoln university - pa","united states","pa"
"mansfield university of pennsylvania","united states","pa"
"messiah college","united states","pa"
"millersville university of pennsylvania","united states","pa"
"mount aloysius college","united states","pa"
"neumann university","united states","pa"
"peirce college","united states","pa"
"penn state abington","united states","pa"
"penn state altoona","united states","pa"
"pennsylvania college of technology","united states","pa"
"philadelphia biblical university","united states","pa"
"saint francis university","united states","pa"
"seton hill university","united states","pa"
"shippensburg university of pennsylvania","united states","pa"
"susquehanna university","united states","pa"
"the university of scranton","united states","pa"
"university of pittsburgh at bradford","united states","pa"
"university of pittsburgh at titusville","united states","pa"
"university of pittsburgh pittsburgh campus","united states","pa"
"ursinus college","united states","pa"
"westminster college - pa","united states","pa"
"wilkes university","united states","pa"
"york college of pennsylvania","united states","pa"
"bryant university","united states","ri"
"anderson university - sc","united states","sc"
"charleston southern university","united states","sc"
"claflin university","united states","sc"
"coker college","united states","sc"
"college of charleston","united states","sc"
"erskine college","united states","sc"
"lander university","united states","sc"
"limestone college","united states","sc"
"orangeburg-calhoun technical college","united states","sc"
"the citadel the military college of south carolina","united states","sc"
"university of south carolina at columbia","united states","sc"
"voorhees college","united states","sc"
"winthrop university","united states","sc"
"black hills state university","united states","sd"
"dakota state university","united states","sd"
"dakota wesleyan university","united states","sd"
"the university of south dakota","united states","sd"
"belmont university","united states","tn"
"bryan college","united states","tn"
"carson-newman college","united states","tn"
"chattanooga state tech community college","united states","tn"
"dyersburg state community college","united states","tn"
"fisk university","united states","tn"
"king college","united states","tn"
"lincoln memorial university","united states","tn"
"lipscomb university","united states","tn"
"middle tennessee state university","united states","tn"
"southern adventist university","united states","tn"
"union university","united states","tn"
"virginia college school of business and health","united states","tn"
"abilene christian university","united states","tx"
"central texas college","united states","tx"
"houston baptist university","united states","tx"
"howard payne university","united states","tx"
"lon morris college","united states","tx"
"lone star college - kingwood","united states","tx"
"lubbock christian university","united states","tx"
"north lake college","united states","tx"
"northeast texas community college","united states","tx"
"our lady of the lake university","united states","tx"
"prairie view a and m university","united states","tx"
"rice university","united states","tx"
"san antonio college","united states","tx"
"south texas college","united states","tx"
"southwestern adventist university","united states","tx"
"st. mary's university","united states","tx"
"texas a and m international university","united states","tx"
"texas a and m university","united states","tx"
"texas college","united states","tx"
"texas state university-san marcos","united states","tx"
"texas woman's university","united states","tx"
"the university of texas at dallas","united states","tx"
"university of houston","united states","tx"
"university of north texas","united states","tx"
"university of north texas at dallas","united states","tx"
"university of texas at austin","united states","tx"
"university of texas at tyler","united states","tx"
"wayland baptist university","united states","tx"
"west texas a and m university","united states","tx"
"university of utah","united states","ut"
"utah valley university","united states","ut"
"weber state university","united states","ut"
"blue ridge community college - va","united states","va"
"bridgewater college","united states","va"
"christopher newport university","united states","va"
"ferrum college","united states","va"
"hampton university","united states","va"
"james madison university","united states","va"
"marymount university","united states","va"
"mountain empire community college","united states","va"
"norfolk state university","united states","va"
"regent university","united states","va"
"saint paul's college","united states","va"
"shenandoah university","united states","va"
"thomas nelson community college","united states","va"
"university of virginia","united states","va"
"virginia highlands community college","united states","va"
"virginia state university","united states","va"
"city university of seattle","united states","wa"
"heritage university","united states","wa"
"seattle university","united states","wa"
"washington state university","united states","wa"
"alverno college","united states","wi"
"cardinal stritch university","united states","wi"
"carthage college","united states","wi"
"marian university","united states","wi"
"ripon college","united states","wi"
"st. norbert college","united states","wi"
"university of wisconsin-eau claire","united states","wi"
"university of wisconsin-green bay","united states","wi"
"university of wisconsin-madison","united states","wi"
"university of wisconsin-oshkosh","united states","wi"
"viterbo university","united states","wi"
"alderson-broaddus college","united states","wv"
"concord university","united states","wv"
"davis and elkins college","united states","wv"
"fairmont state university","united states","wv"
"glenville state college","united states","wv"
"mountain state university","united states","wv"
"university of charleston","united states","wv"
"west virginia wesleyan college","united states","wv"
"wheeling jesuit university","united states","wv"
"northwest college - powell","united states","wy"
"college of foreign economics relations","vietnam","NULL"
"academy of finance","vietnam","NULL"
"banking academy","vietnam","NULL"
"diplomatic academy of vietnam","vietnam","NULL"
"foreign trade university hanoi campus","vietnam","NULL"
"foreign trade university hcmc campus","vietnam","NULL"
"fpt university","vietnam","NULL"
"ha noi open university","vietnam","NULL"
"ha noi university of agriculture","vietnam","NULL"
"hanoi university","vietnam","NULL"
"ho chi minh city university of technology - national university hcmc","vietnam","NULL"
"hoa sen university","vietnam","NULL"
"international university - national university ho chi minh city","vietnam","NULL"
"phuong dong university","vietnam","NULL"
"rmit international university vietnam hanoi campus","vietnam","NULL"
"rmit international university vietnam hcmc campus","vietnam","NULL"
"thang long university","vietnam","NULL"
"university of economics and finance","vietnam","NULL"
"university of economics and law","vietnam","NULL"
"university of economics ho chi minh city","vietnam","NULL"
"university of industry","vietnam","NULL"
"university of social sciences and humanities - national university hanoi","vietnam","NULL"
"economics university - vietnam national university hanoi campus","vietnam","NULL"
"national economics university","vietnam","NULL"
"bindura university of science education","zimbabwe","NULL"
"solusi university","zimbabwe","NULL"
"africa university","zimbabwe","NULL"
"catholic university in zimbabwe","zimbabwe","NULL"
"chinhoyi university of technology","zimbabwe","NULL"
"harare institute of technology","zimbabwe","NULL"
"midlands state university","zimbabwe","NULL"
"national university of science and technology","zimbabwe","NULL"
"university of zimbabwe","zimbabwe","NULL"
"women's university in africa","zimbabwe","NULL"
